case,system,model,pathway,region,commissioning_year,operation_start_year,operation_end_year,operation_year,period,plant_lifetime_years,annual_gross_captured_tonnes,annual_net_stored_tonnes,denominator_net_stored_tonnes,score_total_kg_co2eq,score_per_net_tonne_kg_co2eq,method,indicator,unit,capacity_basis,package_sha256,foreground_sha256,calculation_timestamp,provenance_id
BECCS,new CHP+CCS vs standing forest and Northern European energy,remind-eu,SSP2-NPi,ENC,2030,2030,2049,2030,annual,20,7684.902016644977,7469.724760178917,7469.724760178917,-7208522.479718324,-965.0318734830684,IPCC 2021 (incl. biogenic CO2) no LT - climate change: total (incl. biogenic CO2) no LT - global warming potential (GWP100) no LT,"global warming potential (GWP100), including biogenic CO2",kg CO2-Eq,"6667 kW fuel input, 4000 operating hours per year and a 20-year lifetime stated by the CHP inventory.",cfe68ecd5570e74237fe54e13e4f4f5a7269fc0eee30beb6c1b547166a910263,b26a2d4d1a33dd6236b4ca552212fc6cbe8a750fa73a449c196702fba2290c60,2026-08-22T08:37:53+00:00,9442100c7f96bb12c288
BECCS,new CHP+CCS vs standing forest and Northern European energy,remind-eu,SSP2-NPi,ENC,2030,2030,2049,2031,annual,20,7684.902016644977,7469.724760178917,7469.724760178917,-7214174.420466035,-965.7885199364747,IPCC 2021 (incl. biogenic CO2) no LT - climate change: total (incl. biogenic CO2) no LT - global warming potential (GWP100) no LT,"global warming potential (GWP100), including biogenic CO2",kg CO2-Eq,"6667 kW fuel input, 4000 operating hours per year and a 20-year lifetime stated by the CHP inventory.",cfe68ecd5570e74237fe54e13e4f4f5a7269fc0eee30beb6c1b547166a910263,b26a2d4d1a33dd6236b4ca552212fc6cbe8a750fa73a449c196702fba2290c60,2026-08-22T08:37:53+00:00,2c731982945ddbc6fc0c
BECCS,new CHP+CCS vs standing forest and Northern European energy,remind-eu,SSP2-NPi,ENC,2030,2030,2049,2032,annual,20,7684.902016644977,7469.724760178917,7469.724760178917,-7219716.383034185,-966.5304431995237,IPCC 2021 (incl. biogenic CO2) no LT - climate change: total (incl. biogenic CO2) no LT - global warming potential (GWP100) no LT,"global warming potential (GWP100), including biogenic CO2",kg CO2-Eq,"6667 kW fuel input, 4000 operating hours per year and a 20-year lifetime stated by the CHP inventory.",cfe68ecd5570e74237fe54e13e4f4f5a7269fc0eee30beb6c1b547166a910263,b26a2d4d1a33dd6236b4ca552212fc6cbe8a750fa73a449c196702fba2290c60,2026-08-22T08:37:53+00:00,2bf05a0b33e5632afe17
BECCS,new CHP+CCS vs standing forest and Northern European energy,remind-eu,SSP2-NPi,ENC,2030,2030,2049,2033,annual,20,7684.902016644977,7469.724760178917,7469.724760178917,-7225147.248044896,-967.2574934169111,IPCC 2021 (incl. biogenic CO2) no LT - climate change: total (incl. biogenic CO2) no LT - global warming potential (GWP100) no LT,"global warming potential (GWP100), including biogenic CO2",kg CO2-Eq,"6667 kW fuel input, 4000 operating hours per year and a 20-year lifetime stated by the CHP inventory.",cfe68ecd5570e74237fe54e13e4f4f5a7269fc0eee30beb6c1b547166a910263,b26a2d4d1a33dd6236b4ca552212fc6cbe8a750fa73a449c196702fba2290c60,2026-08-22T08:37:53+00:00,aabae9e22b3f89e6d5e5
BECCS,new CHP+CCS vs standing forest and Northern European energy,remind-eu,SSP2-NPi,ENC,2030,2030,2049,2034,annual,20,7684.902016644977,7469.724760178917,7469.724760178917,-7230465.850637484,-967.9695146443787,IPCC 2021 (incl. biogenic CO2) no LT - climate change: total (incl. biogenic CO2) no LT - global warming potential (GWP100) no LT,"global warming potential (GWP100), including biogenic CO2",kg CO2-Eq,"6667 kW fuel input, 4000 operating hours per year and a 20-year lifetime stated by the CHP inventory.",cfe68ecd5570e74237fe54e13e4f4f5a7269fc0eee30beb6c1b547166a910263,b26a2d4d1a33dd6236b4ca552212fc6cbe8a750fa73a449c196702fba2290c60,2026-08-22T08:37:53+00:00,73708b874c90aa902b1a
BECCS,new CHP+CCS vs standing forest and Northern European energy,remind-eu,SSP2-NPi,ENC,2030,2030,2049,2035,annual,20,7684.902016644977,7469.724760178917,7469.724760178917,-7235671.1125906315,-968.666362536405,IPCC 2021 (incl. biogenic CO2) no LT - climate change: total (incl. biogenic CO2) no LT - global warming potential (GWP100) no LT,"global warming potential (GWP100), including biogenic CO2",kg CO2-Eq,"6667 kW fuel input, 4000 operating hours per year and a 20-year lifetime stated by the CHP inventory.",cfe68ecd5570e74237fe54e13e4f4f5a7269fc0eee30beb6c1b547166a910263,b26a2d4d1a33dd6236b4ca552212fc6cbe8a750fa73a449c196702fba2290c60,2026-08-22T08:37:53+00:00,527a46ed042e3639cf3f
BECCS,new CHP+CCS vs standing forest and Northern European energy,remind-eu,SSP2-NPi,ENC,2030,2030,2049,2036,annual,20,7684.902016644977,7469.724760178917,7469.724760178917,-7241205.916762575,-969.4073274781722,IPCC 2021 (incl. biogenic CO2) no LT - climate change: total (incl. biogenic CO2) no LT - global warming potential (GWP100) no LT,"global warming potential (GWP100), including biogenic CO2",kg CO2-Eq,"6667 kW fuel input, 4000 operating hours per year and a 20-year lifetime stated by the CHP inventory.",cfe68ecd5570e74237fe54e13e4f4f5a7269fc0eee30beb6c1b547166a910263,b26a2d4d1a33dd6236b4ca552212fc6cbe8a750fa73a449c196702fba2290c60,2026-08-22T08:37:53+00:00,b90570e2a36196a2ea92
BECCS,new CHP+CCS vs standing forest and Northern European energy,remind-eu,SSP2-NPi,ENC,2030,2030,2049,2037,annual,20,7684.902016644977,7469.724760178917,7469.724760178917,-7246608.708355656,-970.1306194021108,IPCC 2021 (incl. biogenic CO2) no LT - climate change: total (incl. biogenic CO2) no LT - global warming potential (GWP100) no LT,"global warming potential (GWP100), including biogenic CO2",kg CO2-Eq,"6667 kW fuel input, 4000 operating hours per year and a 20-year lifetime stated by the CHP inventory.",cfe68ecd5570e74237fe54e13e4f4f5a7269fc0eee30beb6c1b547166a910263,b26a2d4d1a33dd6236b4ca552212fc6cbe8a750fa73a449c196702fba2290c60,2026-08-22T08:37:53+00:00,29653485b5e4b89050a0
BECCS,new CHP+CCS vs standing forest and Northern European energy,remind-eu,SSP2-NPi,ENC,2030,2030,2049,2038,annual,20,7684.902016644977,7469.724760178917,7469.724760178917,-7251877.573157993,-970.8359820455144,IPCC 2021 (incl. biogenic CO2) no LT - climate change: total (incl. biogenic CO2) no LT - global warming potential (GWP100) no LT,"global warming potential (GWP100), including biogenic CO2",kg CO2-Eq,"6667 kW fuel input, 4000 operating hours per year and a 20-year lifetime stated by the CHP inventory.",cfe68ecd5570e74237fe54e13e4f4f5a7269fc0eee30beb6c1b547166a910263,b26a2d4d1a33dd6236b4ca552212fc6cbe8a750fa73a449c196702fba2290c60,2026-08-22T08:37:53+00:00,9fb3a679f7d109452964
BECCS,new CHP+CCS vs standing forest and Northern European energy,remind-eu,SSP2-NPi,ENC,2030,2030,2049,2039,annual,20,7684.902016644977,7469.724760178917,7469.724760178917,-7257010.562341827,-971.5231545115198,IPCC 2021 (incl. biogenic CO2) no LT - climate change: total (incl. biogenic CO2) no LT - global warming potential (GWP100) no LT,"global warming potential (GWP100), including biogenic CO2",kg CO2-Eq,"6667 kW fuel input, 4000 operating hours per year and a 20-year lifetime stated by the CHP inventory.",cfe68ecd5570e74237fe54e13e4f4f5a7269fc0eee30beb6c1b547166a910263,b26a2d4d1a33dd6236b4ca552212fc6cbe8a750fa73a449c196702fba2290c60,2026-08-22T08:37:53+00:00,b1c3d6b2f7c67f2b2e0d
BECCS,new CHP+CCS vs standing forest and Northern European energy,remind-eu,SSP2-NPi,ENC,2030,2030,2049,2040,annual,20,7684.902016644977,7469.724760178917,7469.724760178917,-7262005.918662443,-972.1919015512027,IPCC 2021 (incl. biogenic CO2) no LT - climate change: total (incl. biogenic CO2) no LT - global warming potential (GWP100) no LT,"global warming potential (GWP100), including biogenic CO2",kg CO2-Eq,"6667 kW fuel input, 4000 operating hours per year and a 20-year lifetime stated by the CHP inventory.",cfe68ecd5570e74237fe54e13e4f4f5a7269fc0eee30beb6c1b547166a910263,b26a2d4d1a33dd6236b4ca552212fc6cbe8a750fa73a449c196702fba2290c60,2026-08-22T08:37:53+00:00,dac03a07e872097a9952
BECCS,new CHP+CCS vs standing forest and Northern European energy,remind-eu,SSP2-NPi,ENC,2030,2030,2049,2041,annual,20,7684.902016644977,7469.724760178917,7469.724760178917,-7266116.777565302,-972.7422376124154,IPCC 2021 (incl. biogenic CO2) no LT - climate change: total (incl. biogenic CO2) no LT - global warming potential (GWP100) no LT,"global warming potential (GWP100), including biogenic CO2",kg CO2-Eq,"6667 kW fuel input, 4000 operating hours per year and a 20-year lifetime stated by the CHP inventory.",cfe68ecd5570e74237fe54e13e4f4f5a7269fc0eee30beb6c1b547166a910263,b26a2d4d1a33dd6236b4ca552212fc6cbe8a750fa73a449c196702fba2290c60,2026-08-22T08:37:53+00:00,6eeed367cddb2bd5ac01
BECCS,new CHP+CCS vs standing forest and Northern European energy,remind-eu,SSP2-NPi,ENC,2030,2030,2049,2042,annual,20,7684.902016644977,7469.724760178917,7469.724760178917,-7270121.653246416,-973.2783853032197,IPCC 2021 (incl. biogenic CO2) no LT - climate change: total (incl. biogenic CO2) no LT - global warming potential (GWP100) no LT,"global warming potential (GWP100), including biogenic CO2",kg CO2-Eq,"6667 kW fuel input, 4000 operating hours per year and a 20-year lifetime stated by the CHP inventory.",cfe68ecd5570e74237fe54e13e4f4f5a7269fc0eee30beb6c1b547166a910263,b26a2d4d1a33dd6236b4ca552212fc6cbe8a750fa73a449c196702fba2290c60,2026-08-22T08:37:53+00:00,fc5577405e4538c0a5d7
BECCS,new CHP+CCS vs standing forest and Northern European energy,remind-eu,SSP2-NPi,ENC,2030,2030,2049,2043,annual,20,7684.902016644977,7469.724760178917,7469.724760178917,-7274017.935451514,-973.7999951791109,IPCC 2021 (incl. biogenic CO2) no LT - climate change: total (incl. biogenic CO2) no LT - global warming potential (GWP100) no LT,"global warming potential (GWP100), including biogenic CO2",kg CO2-Eq,"6667 kW fuel input, 4000 operating hours per year and a 20-year lifetime stated by the CHP inventory.",cfe68ecd5570e74237fe54e13e4f4f5a7269fc0eee30beb6c1b547166a910263,b26a2d4d1a33dd6236b4ca552212fc6cbe8a750fa73a449c196702fba2290c60,2026-08-22T08:37:53+00:00,5b3263f7a1d7b1ac2023
BECCS,new CHP+CCS vs standing forest and Northern European energy,remind-eu,SSP2-NPi,ENC,2030,2030,2049,2044,annual,20,7684.902016644977,7469.724760178917,7469.724760178917,-7277803.0396471415,-974.3067212389258,IPCC 2021 (incl. biogenic CO2) no LT - climate change: total (incl. biogenic CO2) no LT - global warming potential (GWP100) no LT,"global warming potential (GWP100), including biogenic CO2",kg CO2-Eq,"6667 kW fuel input, 4000 operating hours per year and a 20-year lifetime stated by the CHP inventory.",cfe68ecd5570e74237fe54e13e4f4f5a7269fc0eee30beb6c1b547166a910263,b26a2d4d1a33dd6236b4ca552212fc6cbe8a750fa73a449c196702fba2290c60,2026-08-22T08:37:53+00:00,2827bf122d4af03e3617
BECCS,new CHP+CCS vs standing forest and Northern European energy,remind-eu,SSP2-NPi,ENC,2030,2030,2049,2045,annual,20,7684.902016644977,7469.724760178917,7469.724760178917,-7281474.343909625,-974.7982124759329,IPCC 2021 (incl. biogenic CO2) no LT - climate change: total (incl. biogenic CO2) no LT - global warming potential (GWP100) no LT,"global warming potential (GWP100), including biogenic CO2",kg CO2-Eq,"6667 kW fuel input, 4000 operating hours per year and a 20-year lifetime stated by the CHP inventory.",cfe68ecd5570e74237fe54e13e4f4f5a7269fc0eee30beb6c1b547166a910263,b26a2d4d1a33dd6236b4ca552212fc6cbe8a750fa73a449c196702fba2290c60,2026-08-22T08:37:53+00:00,82ecb3386b91ddc75514
BECCS,new CHP+CCS vs standing forest and Northern European energy,remind-eu,SSP2-NPi,ENC,2030,2030,2049,2046,annual,20,7684.902016644977,7469.724760178917,7469.724760178917,-7283868.273919957,-975.1186968427859,IPCC 2021 (incl. biogenic CO2) no LT - climate change: total (incl. biogenic CO2) no LT - global warming potential (GWP100) no LT,"global warming potential (GWP100), including biogenic CO2",kg CO2-Eq,"6667 kW fuel input, 4000 operating hours per year and a 20-year lifetime stated by the CHP inventory.",cfe68ecd5570e74237fe54e13e4f4f5a7269fc0eee30beb6c1b547166a910263,b26a2d4d1a33dd6236b4ca552212fc6cbe8a750fa73a449c196702fba2290c60,2026-08-22T08:37:53+00:00,a66e548e99fe20f3fb80
BECCS,new CHP+CCS vs standing forest and Northern European energy,remind-eu,SSP2-NPi,ENC,2030,2030,2049,2047,annual,20,7684.902016644977,7469.724760178917,7469.724760178917,-7286211.120744452,-975.4323425124343,IPCC 2021 (incl. biogenic CO2) no LT - climate change: total (incl. biogenic CO2) no LT - global warming potential (GWP100) no LT,"global warming potential (GWP100), including biogenic CO2",kg CO2-Eq,"6667 kW fuel input, 4000 operating hours per year and a 20-year lifetime stated by the CHP inventory.",cfe68ecd5570e74237fe54e13e4f4f5a7269fc0eee30beb6c1b547166a910263,b26a2d4d1a33dd6236b4ca552212fc6cbe8a750fa73a449c196702fba2290c60,2026-08-22T08:37:53+00:00,8a53c501d9d7a9a6a65e
BECCS,new CHP+CCS vs standing forest and Northern European energy,remind-eu,SSP2-NPi,ENC,2030,2030,2049,2048,annual,20,7684.902016644977,7469.724760178917,7469.724760178917,-7288501.225953412,-975.7389274646896,IPCC 2021 (incl. biogenic CO2) no LT - climate change: total (incl. biogenic CO2) no LT - global warming potential (GWP100) no LT,"global warming potential (GWP100), including biogenic CO2",kg CO2-Eq,"6667 kW fuel input, 4000 operating hours per year and a 20-year lifetime stated by the CHP inventory.",cfe68ecd5570e74237fe54e13e4f4f5a7269fc0eee30beb6c1b547166a910263,b26a2d4d1a33dd6236b4ca552212fc6cbe8a750fa73a449c196702fba2290c60,2026-08-22T08:37:53+00:00,8fbc7b2e61b518a804c2
BECCS,new CHP+CCS vs standing forest and Northern European energy,remind-eu,SSP2-NPi,ENC,2030,2030,2049,2049,annual,20,7684.902016644977,7469.724760178917,7469.724760178917,-7290736.995646468,-976.0382383181463,IPCC 2021 (incl. biogenic CO2) no LT - climate change: total (incl. biogenic CO2) no LT - global warming potential (GWP100) no LT,"global warming potential (GWP100), including biogenic CO2",kg CO2-Eq,"6667 kW fuel input, 4000 operating hours per year and a 20-year lifetime stated by the CHP inventory.",cfe68ecd5570e74237fe54e13e4f4f5a7269fc0eee30beb6c1b547166a910263,b26a2d4d1a33dd6236b4ca552212fc6cbe8a750fa73a449c196702fba2290c60,2026-08-22T08:37:53+00:00,3cfe13cb0c74744ead7b
BECCS,new CHP+CCS vs standing forest and Northern European energy,remind-eu,SSP2-NPi,ENC,2030,2030,2049,,lifetime,20,7684.902016644977,7469.724760178917,149394.49520357835,-145111257.53985634,-971.329347457647,IPCC 2021 (incl. biogenic CO2) no LT - climate change: total (incl. biogenic CO2) no LT - global warming potential (GWP100) no LT,"global warming potential (GWP100), including biogenic CO2",kg CO2-Eq,"6667 kW fuel input, 4000 operating hours per year and a 20-year lifetime stated by the CHP inventory.",cfe68ecd5570e74237fe54e13e4f4f5a7269fc0eee30beb6c1b547166a910263,b26a2d4d1a33dd6236b4ca552212fc6cbe8a750fa73a449c196702fba2290c60,2026-08-22T08:37:53+00:00,13c237f876536b1be85b
DACCS,not applicable,remind-eu,SSP2-NPi,ENC,2030,2030,2049,2030,annual,20,100000.0,97200.0,97200.0,-85614114.14479008,-880.8036434649185,IPCC 2021 (incl. biogenic CO2) no LT - climate change: total (incl. biogenic CO2) no LT - global warming potential (GWP100) no LT,"global warming potential (GWP100), including biogenic CO2",kg CO2-Eq,100 ktCO2 captured per year stated by the DACCS inventory; annual throughput already embeds plant utilization.,cfe68ecd5570e74237fe54e13e4f4f5a7269fc0eee30beb6c1b547166a910263,b26a2d4d1a33dd6236b4ca552212fc6cbe8a750fa73a449c196702fba2290c60,2026-08-22T08:37:53+00:00,4a5bc26d30286e992d55
DACCS,not applicable,remind-eu,SSP2-NPi,ENC,2030,2030,2049,2031,annual,20,100000.0,97200.0,97200.0,-85794260.55878502,-882.6570016335908,IPCC 2021 (incl. biogenic CO2) no LT - climate change: total (incl. biogenic CO2) no LT - global warming potential (GWP100) no LT,"global warming potential (GWP100), including biogenic CO2",kg CO2-Eq,100 ktCO2 captured per year stated by the DACCS inventory; annual throughput already embeds plant utilization.,cfe68ecd5570e74237fe54e13e4f4f5a7269fc0eee30beb6c1b547166a910263,b26a2d4d1a33dd6236b4ca552212fc6cbe8a750fa73a449c196702fba2290c60,2026-08-22T08:37:53+00:00,649442262caf9b1e11ba
DACCS,not applicable,remind-eu,SSP2-NPi,ENC,2030,2030,2049,2032,annual,20,100000.0,97200.0,97200.0,-85975277.36075406,-884.51931441105,IPCC 2021 (incl. biogenic CO2) no LT - climate change: total (incl. biogenic CO2) no LT - global warming potential (GWP100) no LT,"global warming potential (GWP100), including biogenic CO2",kg CO2-Eq,100 ktCO2 captured per year stated by the DACCS inventory; annual throughput already embeds plant utilization.,cfe68ecd5570e74237fe54e13e4f4f5a7269fc0eee30beb6c1b547166a910263,b26a2d4d1a33dd6236b4ca552212fc6cbe8a750fa73a449c196702fba2290c60,2026-08-22T08:37:53+00:00,a2f16ee3d1c79b19c947
DACCS,not applicable,remind-eu,SSP2-NPi,ENC,2030,2030,2049,2033,annual,20,100000.0,97200.0,97200.0,-86157183.52664675,-886.3907770231147,IPCC 2021 (incl. biogenic CO2) no LT - climate change: total (incl. biogenic CO2) no LT - global warming potential (GWP100) no LT,"global warming potential (GWP100), including biogenic CO2",kg CO2-Eq,100 ktCO2 captured per year stated by the DACCS inventory; annual throughput already embeds plant utilization.,cfe68ecd5570e74237fe54e13e4f4f5a7269fc0eee30beb6c1b547166a910263,b26a2d4d1a33dd6236b4ca552212fc6cbe8a750fa73a449c196702fba2290c60,2026-08-22T08:37:53+00:00,c435a86ac81aa4e020e5
DACCS,not applicable,remind-eu,SSP2-NPi,ENC,2030,2030,2049,2034,annual,20,100000.0,97200.0,97200.0,-86340000.67125432,-888.2716118441803,IPCC 2021 (incl. biogenic CO2) no LT - climate change: total (incl. biogenic CO2) no LT - global warming potential (GWP100) no LT,"global warming potential (GWP100), including biogenic CO2",kg CO2-Eq,100 ktCO2 captured per year stated by the DACCS inventory; annual throughput already embeds plant utilization.,cfe68ecd5570e74237fe54e13e4f4f5a7269fc0eee30beb6c1b547166a910263,b26a2d4d1a33dd6236b4ca552212fc6cbe8a750fa73a449c196702fba2290c60,2026-08-22T08:37:53+00:00,ae6c65228e838dfe7a83
DACCS,not applicable,remind-eu,SSP2-NPi,ENC,2030,2030,2049,2035,annual,20,100000.0,97200.0,97200.0,-86523744.99813889,-890.1619855775606,IPCC 2021 (incl. biogenic CO2) no LT - climate change: total (incl. biogenic CO2) no LT - global warming potential (GWP100) no LT,"global warming potential (GWP100), including biogenic CO2",kg CO2-Eq,100 ktCO2 captured per year stated by the DACCS inventory; annual throughput already embeds plant utilization.,cfe68ecd5570e74237fe54e13e4f4f5a7269fc0eee30beb6c1b547166a910263,b26a2d4d1a33dd6236b4ca552212fc6cbe8a750fa73a449c196702fba2290c60,2026-08-22T08:37:53+00:00,7733c8a8e6e22b0ca965
DACCS,not applicable,remind-eu,SSP2-NPi,ENC,2030,2030,2049,2036,annual,20,100000.0,97200.0,97200.0,-86698536.08768657,-891.9602478157054,IPCC 2021 (incl. biogenic CO2) no LT - climate change: total (incl. biogenic CO2) no LT - global warming potential (GWP100) no LT,"global warming potential (GWP100), including biogenic CO2",kg CO2-Eq,100 ktCO2 captured per year stated by the DACCS inventory; annual throughput already embeds plant utilization.,cfe68ecd5570e74237fe54e13e4f4f5a7269fc0eee30beb6c1b547166a910263,b26a2d4d1a33dd6236b4ca552212fc6cbe8a750fa73a449c196702fba2290c60,2026-08-22T08:37:53+00:00,ae9b3440a19614396118
DACCS,not applicable,remind-eu,SSP2-NPi,ENC,2030,2030,2049,2037,annual,20,100000.0,97200.0,97200.0,-86873316.12903756,-893.7583963892753,IPCC 2021 (incl. biogenic CO2) no LT - climate change: total (incl. biogenic CO2) no LT - global warming potential (GWP100) no LT,"global warming potential (GWP100), including biogenic CO2",kg CO2-Eq,100 ktCO2 captured per year stated by the DACCS inventory; annual throughput already embeds plant utilization.,cfe68ecd5570e74237fe54e13e4f4f5a7269fc0eee30beb6c1b547166a910263,b26a2d4d1a33dd6236b4ca552212fc6cbe8a750fa73a449c196702fba2290c60,2026-08-22T08:37:53+00:00,20ba1e2c90cb629d0d75
DACCS,not applicable,remind-eu,SSP2-NPi,ENC,2030,2030,2049,2038,annual,20,100000.0,97200.0,97200.0,-87048172.80114722,-895.557333345136,IPCC 2021 (incl. biogenic CO2) no LT - climate change: total (incl. biogenic CO2) no LT - global warming potential (GWP100) no LT,"global warming potential (GWP100), including biogenic CO2",kg CO2-Eq,100 ktCO2 captured per year stated by the DACCS inventory; annual throughput already embeds plant utilization.,cfe68ecd5570e74237fe54e13e4f4f5a7269fc0eee30beb6c1b547166a910263,b26a2d4d1a33dd6236b4ca552212fc6cbe8a750fa73a449c196702fba2290c60,2026-08-22T08:37:53+00:00,c5b7af59825fe7ad5142
DACCS,not applicable,remind-eu,SSP2-NPi,ENC,2030,2030,2049,2039,annual,20,100000.0,97200.0,97200.0,-87223193.78551766,-897.3579607563546,IPCC 2021 (incl. biogenic CO2) no LT - climate change: total (incl. biogenic CO2) no LT - global warming potential (GWP100) no LT,"global warming potential (GWP100), including biogenic CO2",kg CO2-Eq,100 ktCO2 captured per year stated by the DACCS inventory; annual throughput already embeds plant utilization.,cfe68ecd5570e74237fe54e13e4f4f5a7269fc0eee30beb6c1b547166a910263,b26a2d4d1a33dd6236b4ca552212fc6cbe8a750fa73a449c196702fba2290c60,2026-08-22T08:37:53+00:00,43de3a3ed1024a6999ec
DACCS,not applicable,remind-eu,SSP2-NPi,ENC,2030,2030,2049,2040,annual,20,100000.0,97200.0,97200.0,-87398459.60688923,-899.1611070667617,IPCC 2021 (incl. biogenic CO2) no LT - climate change: total (incl. biogenic CO2) no LT - global warming potential (GWP100) no LT,"global warming potential (GWP100), including biogenic CO2",kg CO2-Eq,100 ktCO2 captured per year stated by the DACCS inventory; annual throughput already embeds plant utilization.,cfe68ecd5570e74237fe54e13e4f4f5a7269fc0eee30beb6c1b547166a910263,b26a2d4d1a33dd6236b4ca552212fc6cbe8a750fa73a449c196702fba2290c60,2026-08-22T08:37:53+00:00,caad48acf03f12129a92
DACCS,not applicable,remind-eu,SSP2-NPi,ENC,2030,2030,2049,2041,annual,20,100000.0,97200.0,97200.0,-87581043.71694773,-901.0395444130426,IPCC 2021 (incl. biogenic CO2) no LT - climate change: total (incl. biogenic CO2) no LT - global warming potential (GWP100) no LT,"global warming potential (GWP100), including biogenic CO2",kg CO2-Eq,100 ktCO2 captured per year stated by the DACCS inventory; annual throughput already embeds plant utilization.,cfe68ecd5570e74237fe54e13e4f4f5a7269fc0eee30beb6c1b547166a910263,b26a2d4d1a33dd6236b4ca552212fc6cbe8a750fa73a449c196702fba2290c60,2026-08-22T08:37:53+00:00,716fe9d0f0622d4c5aa8
DACCS,not applicable,remind-eu,SSP2-NPi,ENC,2030,2030,2049,2042,annual,20,100000.0,97200.0,97200.0,-87763380.84636246,-902.9154408061981,IPCC 2021 (incl. biogenic CO2) no LT - climate change: total (incl. biogenic CO2) no LT - global warming potential (GWP100) no LT,"global warming potential (GWP100), including biogenic CO2",kg CO2-Eq,100 ktCO2 captured per year stated by the DACCS inventory; annual throughput already embeds plant utilization.,cfe68ecd5570e74237fe54e13e4f4f5a7269fc0eee30beb6c1b547166a910263,b26a2d4d1a33dd6236b4ca552212fc6cbe8a750fa73a449c196702fba2290c60,2026-08-22T08:37:53+00:00,357e7fb33dac65f9da2e
DACCS,not applicable,remind-eu,SSP2-NPi,ENC,2030,2030,2049,2043,annual,20,100000.0,97200.0,97200.0,-87945529.17807755,-904.7893948361888,IPCC 2021 (incl. biogenic CO2) no LT - climate change: total (incl. biogenic CO2) no LT - global warming potential (GWP100) no LT,"global warming potential (GWP100), including biogenic CO2",kg CO2-Eq,100 ktCO2 captured per year stated by the DACCS inventory; annual throughput already embeds plant utilization.,cfe68ecd5570e74237fe54e13e4f4f5a7269fc0eee30beb6c1b547166a910263,b26a2d4d1a33dd6236b4ca552212fc6cbe8a750fa73a449c196702fba2290c60,2026-08-22T08:37:53+00:00,c251a8904b3bdfe174bc
DACCS,not applicable,remind-eu,SSP2-NPi,ENC,2030,2030,2049,2044,annual,20,100000.0,97200.0,97200.0,-88127546.54379499,-906.6620014793723,IPCC 2021 (incl. biogenic CO2) no LT - climate change: total (incl. biogenic CO2) no LT - global warming potential (GWP100) no LT,"global warming potential (GWP100), including biogenic CO2",kg CO2-Eq,100 ktCO2 captured per year stated by the DACCS inventory; annual throughput already embeds plant utilization.,cfe68ecd5570e74237fe54e13e4f4f5a7269fc0eee30beb6c1b547166a910263,b26a2d4d1a33dd6236b4ca552212fc6cbe8a750fa73a449c196702fba2290c60,2026-08-22T08:37:53+00:00,1cee177a7942decfdebc
DACCS,not applicable,remind-eu,SSP2-NPi,ENC,2030,2030,2049,2045,annual,20,100000.0,97200.0,97200.0,-88309491.25397539,-908.533860637607,IPCC 2021 (incl. biogenic CO2) no LT - climate change: total (incl. biogenic CO2) no LT - global warming potential (GWP100) no LT,"global warming potential (GWP100), including biogenic CO2",kg CO2-Eq,100 ktCO2 captured per year stated by the DACCS inventory; annual throughput already embeds plant utilization.,cfe68ecd5570e74237fe54e13e4f4f5a7269fc0eee30beb6c1b547166a910263,b26a2d4d1a33dd6236b4ca552212fc6cbe8a750fa73a449c196702fba2290c60,2026-08-22T08:37:53+00:00,3c97368a7a87299d8442
DACCS,not applicable,remind-eu,SSP2-NPi,ENC,2030,2030,2049,2046,annual,20,100000.0,97200.0,97200.0,-88459953.96310274,-910.0818308961187,IPCC 2021 (incl. biogenic CO2) no LT - climate change: total (incl. biogenic CO2) no LT - global warming potential (GWP100) no LT,"global warming potential (GWP100), including biogenic CO2",kg CO2-Eq,100 ktCO2 captured per year stated by the DACCS inventory; annual throughput already embeds plant utilization.,cfe68ecd5570e74237fe54e13e4f4f5a7269fc0eee30beb6c1b547166a910263,b26a2d4d1a33dd6236b4ca552212fc6cbe8a750fa73a449c196702fba2290c60,2026-08-22T08:37:53+00:00,a7ea24368e4c65d45027
DACCS,not applicable,remind-eu,SSP2-NPi,ENC,2030,2030,2049,2047,annual,20,100000.0,97200.0,97200.0,-88610246.69513129,-911.6280524190462,IPCC 2021 (incl. biogenic CO2) no LT - climate change: total (incl. biogenic CO2) no LT - global warming potential (GWP100) no LT,"global warming potential (GWP100), including biogenic CO2",kg CO2-Eq,100 ktCO2 captured per year stated by the DACCS inventory; annual throughput already embeds plant utilization.,cfe68ecd5570e74237fe54e13e4f4f5a7269fc0eee30beb6c1b547166a910263,b26a2d4d1a33dd6236b4ca552212fc6cbe8a750fa73a449c196702fba2290c60,2026-08-22T08:37:53+00:00,eaa709823c4a95a6fa63
DACCS,not applicable,remind-eu,SSP2-NPi,ENC,2030,2030,2049,2048,annual,20,100000.0,97200.0,97200.0,-88760413.26260437,-913.1729759527199,IPCC 2021 (incl. biogenic CO2) no LT - climate change: total (incl. biogenic CO2) no LT - global warming potential (GWP100) no LT,"global warming potential (GWP100), including biogenic CO2",kg CO2-Eq,100 ktCO2 captured per year stated by the DACCS inventory; annual throughput already embeds plant utilization.,cfe68ecd5570e74237fe54e13e4f4f5a7269fc0eee30beb6c1b547166a910263,b26a2d4d1a33dd6236b4ca552212fc6cbe8a750fa73a449c196702fba2290c60,2026-08-22T08:37:53+00:00,f5aab7662dcbd8e0ac12
DACCS,not applicable,remind-eu,SSP2-NPi,ENC,2030,2030,2049,2049,annual,20,100000.0,97200.0,97200.0,-88910495.6019791,-914.7170329421718,IPCC 2021 (incl. biogenic CO2) no LT - climate change: total (incl. biogenic CO2) no LT - global warming potential (GWP100) no LT,"global warming potential (GWP100), including biogenic CO2",kg CO2-Eq,100 ktCO2 captured per year stated by the DACCS inventory; annual throughput already embeds plant utilization.,cfe68ecd5570e74237fe54e13e4f4f5a7269fc0eee30beb6c1b547166a910263,b26a2d4d1a33dd6236b4ca552212fc6cbe8a750fa73a449c196702fba2290c60,2026-08-22T08:37:53+00:00,92d63b09fda6cae40663
DACCS,not applicable,remind-eu,SSP2-NPi,ENC,2030,2030,2049,,lifetime,20,100000.0,97200.0,1944000.0,-1746114360.732623,-898.2069756855057,IPCC 2021 (incl. biogenic CO2) no LT - climate change: total (incl. biogenic CO2) no LT - global warming potential (GWP100) no LT,"global warming potential (GWP100), including biogenic CO2",kg CO2-Eq,100 ktCO2 captured per year stated by the DACCS inventory; annual throughput already embeds plant utilization.,cfe68ecd5570e74237fe54e13e4f4f5a7269fc0eee30beb6c1b547166a910263,b26a2d4d1a33dd6236b4ca552212fc6cbe8a750fa73a449c196702fba2290c60,2026-08-22T08:37:53+00:00,7fc61f390e8b5909af6e
BECCS,new CHP+CCS vs standing forest and Northern European energy,remind-eu,SSP2-PkBudg1000,ENC,2030,2030,2049,2030,annual,20,7684.902016644977,7469.724760178917,7469.724760178917,-7219185.784168145,-966.4594099442064,IPCC 2021 (incl. biogenic CO2) no LT - climate change: total (incl. biogenic CO2) no LT - global warming potential (GWP100) no LT,"global warming potential (GWP100), including biogenic CO2",kg CO2-Eq,"6667 kW fuel input, 4000 operating hours per year and a 20-year lifetime stated by the CHP inventory.",a69a4f1d809711761f9cef9754968f80752adab2bcb46e60c91c0ca837310152,b26a2d4d1a33dd6236b4ca552212fc6cbe8a750fa73a449c196702fba2290c60,2026-08-22T08:37:53+00:00,82939fc7820f86b73cd8
BECCS,new CHP+CCS vs standing forest and Northern European energy,remind-eu,SSP2-PkBudg1000,ENC,2030,2030,2049,2031,annual,20,7684.902016644977,7469.724760178917,7469.724760178917,-7226600.069198758,-967.4519880201938,IPCC 2021 (incl. biogenic CO2) no LT - climate change: total (incl. biogenic CO2) no LT - global warming potential (GWP100) no LT,"global warming potential (GWP100), including biogenic CO2",kg CO2-Eq,"6667 kW fuel input, 4000 operating hours per year and a 20-year lifetime stated by the CHP inventory.",a69a4f1d809711761f9cef9754968f80752adab2bcb46e60c91c0ca837310152,b26a2d4d1a33dd6236b4ca552212fc6cbe8a750fa73a449c196702fba2290c60,2026-08-22T08:37:53+00:00,c4ac77457a8534918067
BECCS,new CHP+CCS vs standing forest and Northern European energy,remind-eu,SSP2-PkBudg1000,ENC,2030,2030,2049,2032,annual,20,7684.902016644977,7469.724760178917,7469.724760178917,-7233975.876201775,-968.4394148986696,IPCC 2021 (incl. biogenic CO2) no LT - climate change: total (incl. biogenic CO2) no LT - global warming potential (GWP100) no LT,"global warming potential (GWP100), including biogenic CO2",kg CO2-Eq,"6667 kW fuel input, 4000 operating hours per year and a 20-year lifetime stated by the CHP inventory.",a69a4f1d809711761f9cef9754968f80752adab2bcb46e60c91c0ca837310152,b26a2d4d1a33dd6236b4ca552212fc6cbe8a750fa73a449c196702fba2290c60,2026-08-22T08:37:53+00:00,11092b320e39b37c5efe
BECCS,new CHP+CCS vs standing forest and Northern European energy,remind-eu,SSP2-PkBudg1000,ENC,2030,2030,2049,2033,annual,20,7684.902016644977,7469.724760178917,7469.724760178917,-7241310.095899981,-969.4212743290606,IPCC 2021 (incl. biogenic CO2) no LT - climate change: total (incl. biogenic CO2) no LT - global warming potential (GWP100) no LT,"global warming potential (GWP100), including biogenic CO2",kg CO2-Eq,"6667 kW fuel input, 4000 operating hours per year and a 20-year lifetime stated by the CHP inventory.",a69a4f1d809711761f9cef9754968f80752adab2bcb46e60c91c0ca837310152,b26a2d4d1a33dd6236b4ca552212fc6cbe8a750fa73a449c196702fba2290c60,2026-08-22T08:37:53+00:00,cb7cd576aae68ef7d9d4
BECCS,new CHP+CCS vs standing forest and Northern European energy,remind-eu,SSP2-PkBudg1000,ENC,2030,2030,2049,2034,annual,20,7684.902016644977,7469.724760178917,7469.724760178917,-7248599.85480442,-970.3971816266493,IPCC 2021 (incl. biogenic CO2) no LT - climate change: total (incl. biogenic CO2) no LT - global warming potential (GWP100) no LT,"global warming potential (GWP100), including biogenic CO2",kg CO2-Eq,"6667 kW fuel input, 4000 operating hours per year and a 20-year lifetime stated by the CHP inventory.",a69a4f1d809711761f9cef9754968f80752adab2bcb46e60c91c0ca837310152,b26a2d4d1a33dd6236b4ca552212fc6cbe8a750fa73a449c196702fba2290c60,2026-08-22T08:37:53+00:00,6db6fe851be1f83cc530
BECCS,new CHP+CCS vs standing forest and Northern European energy,remind-eu,SSP2-PkBudg1000,ENC,2030,2030,2049,2035,annual,20,7684.902016644977,7469.724760178917,7469.724760178917,-7255842.182268946,-971.3667390999227,IPCC 2021 (incl. biogenic CO2) no LT - climate change: total (incl. biogenic CO2) no LT - global warming potential (GWP100) no LT,"global warming potential (GWP100), including biogenic CO2",kg CO2-Eq,"6667 kW fuel input, 4000 operating hours per year and a 20-year lifetime stated by the CHP inventory.",a69a4f1d809711761f9cef9754968f80752adab2bcb46e60c91c0ca837310152,b26a2d4d1a33dd6236b4ca552212fc6cbe8a750fa73a449c196702fba2290c60,2026-08-22T08:37:53+00:00,3ad3b8fb1129f58a62cd
BECCS,new CHP+CCS vs standing forest and Northern European energy,remind-eu,SSP2-PkBudg1000,ENC,2030,2030,2049,2036,annual,20,7684.902016644977,7469.724760178917,7469.724760178917,-7266640.049898912,-972.8122900374257,IPCC 2021 (incl. biogenic CO2) no LT - climate change: total (incl. biogenic CO2) no LT - global warming potential (GWP100) no LT,"global warming potential (GWP100), including biogenic CO2",kg CO2-Eq,"6667 kW fuel input, 4000 operating hours per year and a 20-year lifetime stated by the CHP inventory.",a69a4f1d809711761f9cef9754968f80752adab2bcb46e60c91c0ca837310152,b26a2d4d1a33dd6236b4ca552212fc6cbe8a750fa73a449c196702fba2290c60,2026-08-22T08:37:53+00:00,15f4c890408a165910ec
BECCS,new CHP+CCS vs standing forest and Northern European energy,remind-eu,SSP2-PkBudg1000,ENC,2030,2030,2049,2037,annual,20,7684.902016644977,7469.724760178917,7469.724760178917,-7277297.768354218,-974.2390786805793,IPCC 2021 (incl. biogenic CO2) no LT - climate change: total (incl. biogenic CO2) no LT - global warming potential (GWP100) no LT,"global warming potential (GWP100), including biogenic CO2",kg CO2-Eq,"6667 kW fuel input, 4000 operating hours per year and a 20-year lifetime stated by the CHP inventory.",a69a4f1d809711761f9cef9754968f80752adab2bcb46e60c91c0ca837310152,b26a2d4d1a33dd6236b4ca552212fc6cbe8a750fa73a449c196702fba2290c60,2026-08-22T08:37:53+00:00,f4ebd3f5a9235e749979
BECCS,new CHP+CCS vs standing forest and Northern European energy,remind-eu,SSP2-PkBudg1000,ENC,2030,2030,2049,2038,annual,20,7684.902016644977,7469.724760178917,7469.724760178917,-7287814.540854006,-975.6469983613488,IPCC 2021 (incl. biogenic CO2) no LT - climate change: total (incl. biogenic CO2) no LT - global warming potential (GWP100) no LT,"global warming potential (GWP100), including biogenic CO2",kg CO2-Eq,"6667 kW fuel input, 4000 operating hours per year and a 20-year lifetime stated by the CHP inventory.",a69a4f1d809711761f9cef9754968f80752adab2bcb46e60c91c0ca837310152,b26a2d4d1a33dd6236b4ca552212fc6cbe8a750fa73a449c196702fba2290c60,2026-08-22T08:37:53+00:00,8da7b6a8029d7c92d435
BECCS,new CHP+CCS vs standing forest and Northern European energy,remind-eu,SSP2-PkBudg1000,ENC,2030,2030,2049,2039,annual,20,7684.902016644977,7469.724760178917,7469.724760178917,-7298189.602313122,-977.0359466549224,IPCC 2021 (incl. biogenic CO2) no LT - climate change: total (incl. biogenic CO2) no LT - global warming potential (GWP100) no LT,"global warming potential (GWP100), including biogenic CO2",kg CO2-Eq,"6667 kW fuel input, 4000 operating hours per year and a 20-year lifetime stated by the CHP inventory.",a69a4f1d809711761f9cef9754968f80752adab2bcb46e60c91c0ca837310152,b26a2d4d1a33dd6236b4ca552212fc6cbe8a750fa73a449c196702fba2290c60,2026-08-22T08:37:53+00:00,4da27b69807fcdd6b534
BECCS,new CHP+CCS vs standing forest and Northern European energy,remind-eu,SSP2-PkBudg1000,ENC,2030,2030,2049,2040,annual,20,7684.902016644977,7469.724760178917,7469.724760178917,-7308422.329499909,-978.4058401269467,IPCC 2021 (incl. biogenic CO2) no LT - climate change: total (incl. biogenic CO2) no LT - global warming potential (GWP100) no LT,"global warming potential (GWP100), including biogenic CO2",kg CO2-Eq,"6667 kW fuel input, 4000 operating hours per year and a 20-year lifetime stated by the CHP inventory.",a69a4f1d809711761f9cef9754968f80752adab2bcb46e60c91c0ca837310152,b26a2d4d1a33dd6236b4ca552212fc6cbe8a750fa73a449c196702fba2290c60,2026-08-22T08:37:53+00:00,00fd8965df31b9e43f25
BECCS,new CHP+CCS vs standing forest and Northern European energy,remind-eu,SSP2-PkBudg1000,ENC,2030,2030,2049,2041,annual,20,7684.902016644977,7469.724760178917,7469.724760178917,-7317392.808292883,-979.6067516840627,IPCC 2021 (incl. biogenic CO2) no LT - climate change: total (incl. biogenic CO2) no LT - global warming potential (GWP100) no LT,"global warming potential (GWP100), including biogenic CO2",kg CO2-Eq,"6667 kW fuel input, 4000 operating hours per year and a 20-year lifetime stated by the CHP inventory.",a69a4f1d809711761f9cef9754968f80752adab2bcb46e60c91c0ca837310152,b26a2d4d1a33dd6236b4ca552212fc6cbe8a750fa73a449c196702fba2290c60,2026-08-22T08:37:53+00:00,c5190e7eabdba38f205d
BECCS,new CHP+CCS vs standing forest and Northern European energy,remind-eu,SSP2-PkBudg1000,ENC,2030,2030,2049,2042,annual,20,7684.902016644977,7469.724760178917,7469.724760178917,-7326296.562218306,-980.798730533523,IPCC 2021 (incl. biogenic CO2) no LT - climate change: total (incl. biogenic CO2) no LT - global warming potential (GWP100) no LT,"global warming potential (GWP100), including biogenic CO2",kg CO2-Eq,"6667 kW fuel input, 4000 operating hours per year and a 20-year lifetime stated by the CHP inventory.",a69a4f1d809711761f9cef9754968f80752adab2bcb46e60c91c0ca837310152,b26a2d4d1a33dd6236b4ca552212fc6cbe8a750fa73a449c196702fba2290c60,2026-08-22T08:37:53+00:00,91751654937affa857e2
BECCS,new CHP+CCS vs standing forest and Northern European energy,remind-eu,SSP2-PkBudg1000,ENC,2030,2030,2049,2043,annual,20,7684.902016644977,7469.724760178917,7469.724760178917,-7335133.866768375,-981.9818135564987,IPCC 2021 (incl. biogenic CO2) no LT - climate change: total (incl. biogenic CO2) no LT - global warming potential (GWP100) no LT,"global warming potential (GWP100), including biogenic CO2",kg CO2-Eq,"6667 kW fuel input, 4000 operating hours per year and a 20-year lifetime stated by the CHP inventory.",a69a4f1d809711761f9cef9754968f80752adab2bcb46e60c91c0ca837310152,b26a2d4d1a33dd6236b4ca552212fc6cbe8a750fa73a449c196702fba2290c60,2026-08-22T08:37:53+00:00,329a0a6ff1ec0a192ba0
BECCS,new CHP+CCS vs standing forest and Northern European energy,remind-eu,SSP2-PkBudg1000,ENC,2030,2030,2049,2044,annual,20,7684.902016644977,7469.724760178917,7469.724760178917,-7343904.927753649,-983.1560283056193,IPCC 2021 (incl. biogenic CO2) no LT - climate change: total (incl. biogenic CO2) no LT - global warming potential (GWP100) no LT,"global warming potential (GWP100), including biogenic CO2",kg CO2-Eq,"6667 kW fuel input, 4000 operating hours per year and a 20-year lifetime stated by the CHP inventory.",a69a4f1d809711761f9cef9754968f80752adab2bcb46e60c91c0ca837310152,b26a2d4d1a33dd6236b4ca552212fc6cbe8a750fa73a449c196702fba2290c60,2026-08-22T08:37:53+00:00,d0063e7ab7b8dcbfcc27
BECCS,new CHP+CCS vs standing forest and Northern European energy,remind-eu,SSP2-PkBudg1000,ENC,2030,2030,2049,2045,annual,20,7684.902016644977,7469.724760178917,7469.724760178917,-7352610.049307794,-984.3214154963968,IPCC 2021 (incl. biogenic CO2) no LT - climate change: total (incl. biogenic CO2) no LT - global warming potential (GWP100) no LT,"global warming potential (GWP100), including biogenic CO2",kg CO2-Eq,"6667 kW fuel input, 4000 operating hours per year and a 20-year lifetime stated by the CHP inventory.",a69a4f1d809711761f9cef9754968f80752adab2bcb46e60c91c0ca837310152,b26a2d4d1a33dd6236b4ca552212fc6cbe8a750fa73a449c196702fba2290c60,2026-08-22T08:37:53+00:00,395377e2b6671b66ceab
BECCS,new CHP+CCS vs standing forest and Northern European energy,remind-eu,SSP2-PkBudg1000,ENC,2030,2030,2049,2046,annual,20,7684.902016644977,7469.724760178917,7469.724760178917,-7357967.4138552,-985.0386259317753,IPCC 2021 (incl. biogenic CO2) no LT - climate change: total (incl. biogenic CO2) no LT - global warming potential (GWP100) no LT,"global warming potential (GWP100), including biogenic CO2",kg CO2-Eq,"6667 kW fuel input, 4000 operating hours per year and a 20-year lifetime stated by the CHP inventory.",a69a4f1d809711761f9cef9754968f80752adab2bcb46e60c91c0ca837310152,b26a2d4d1a33dd6236b4ca552212fc6cbe8a750fa73a449c196702fba2290c60,2026-08-22T08:37:53+00:00,c04bede16b32d1ebb340
BECCS,new CHP+CCS vs standing forest and Northern European energy,remind-eu,SSP2-PkBudg1000,ENC,2030,2030,2049,2047,annual,20,7684.902016644977,7469.724760178917,7469.724760178917,-7363309.835316614,-985.7538358803258,IPCC 2021 (incl. biogenic CO2) no LT - climate change: total (incl. biogenic CO2) no LT - global warming potential (GWP100) no LT,"global warming potential (GWP100), including biogenic CO2",kg CO2-Eq,"6667 kW fuel input, 4000 operating hours per year and a 20-year lifetime stated by the CHP inventory.",a69a4f1d809711761f9cef9754968f80752adab2bcb46e60c91c0ca837310152,b26a2d4d1a33dd6236b4ca552212fc6cbe8a750fa73a449c196702fba2290c60,2026-08-22T08:37:53+00:00,4e47b94bcb27d122d0b6
BECCS,new CHP+CCS vs standing forest and Northern European energy,remind-eu,SSP2-PkBudg1000,ENC,2030,2030,2049,2048,annual,20,7684.902016644977,7469.724760178917,7469.724760178917,-7368637.062124608,-986.4670116637755,IPCC 2021 (incl. biogenic CO2) no LT - climate change: total (incl. biogenic CO2) no LT - global warming potential (GWP100) no LT,"global warming potential (GWP100), including biogenic CO2",kg CO2-Eq,"6667 kW fuel input, 4000 operating hours per year and a 20-year lifetime stated by the CHP inventory.",a69a4f1d809711761f9cef9754968f80752adab2bcb46e60c91c0ca837310152,b26a2d4d1a33dd6236b4ca552212fc6cbe8a750fa73a449c196702fba2290c60,2026-08-22T08:37:53+00:00,332867507642ac7c5c9b
BECCS,new CHP+CCS vs standing forest and Northern European energy,remind-eu,SSP2-PkBudg1000,ENC,2030,2030,2049,2049,annual,20,7684.902016644977,7469.724760178917,7469.724760178917,-7373948.769743724,-987.1781098353483,IPCC 2021 (incl. biogenic CO2) no LT - climate change: total (incl. biogenic CO2) no LT - global warming potential (GWP100) no LT,"global warming potential (GWP100), including biogenic CO2",kg CO2-Eq,"6667 kW fuel input, 4000 operating hours per year and a 20-year lifetime stated by the CHP inventory.",a69a4f1d809711761f9cef9754968f80752adab2bcb46e60c91c0ca837310152,b26a2d4d1a33dd6236b4ca552212fc6cbe8a750fa73a449c196702fba2290c60,2026-08-22T08:37:53+00:00,e6608fb212ad4477a6a1
BECCS,new CHP+CCS vs standing forest and Northern European energy,remind-eu,SSP2-PkBudg1000,ENC,2030,2030,2049,,lifetime,20,7684.902016644977,7469.724760178917,149394.49520357835,-146003079.44884333,-977.2989242333623,IPCC 2021 (incl. biogenic CO2) no LT - climate change: total (incl. biogenic CO2) no LT - global warming potential (GWP100) no LT,"global warming potential (GWP100), including biogenic CO2",kg CO2-Eq,"6667 kW fuel input, 4000 operating hours per year and a 20-year lifetime stated by the CHP inventory.",a69a4f1d809711761f9cef9754968f80752adab2bcb46e60c91c0ca837310152,b26a2d4d1a33dd6236b4ca552212fc6cbe8a750fa73a449c196702fba2290c60,2026-08-22T08:37:53+00:00,09ea626452283bbe4665
DACCS,not applicable,remind-eu,SSP2-PkBudg1000,ENC,2030,2030,2049,2030,annual,20,100000.0,97200.0,97200.0,-85625348.42947394,-880.919222525452,IPCC 2021 (incl. biogenic CO2) no LT - climate change: total (incl. biogenic CO2) no LT - global warming potential (GWP100) no LT,"global warming potential (GWP100), including biogenic CO2",kg CO2-Eq,100 ktCO2 captured per year stated by the DACCS inventory; annual throughput already embeds plant utilization.,a69a4f1d809711761f9cef9754968f80752adab2bcb46e60c91c0ca837310152,b26a2d4d1a33dd6236b4ca552212fc6cbe8a750fa73a449c196702fba2290c60,2026-08-22T08:37:53+00:00,bf0da288ada217013041
DACCS,not applicable,remind-eu,SSP2-PkBudg1000,ENC,2030,2030,2049,2031,annual,20,100000.0,97200.0,97200.0,-85966778.57624237,-884.431878356403,IPCC 2021 (incl. biogenic CO2) no LT - climate change: total (incl. biogenic CO2) no LT - global warming potential (GWP100) no LT,"global warming potential (GWP100), including biogenic CO2",kg CO2-Eq,100 ktCO2 captured per year stated by the DACCS inventory; annual throughput already embeds plant utilization.,a69a4f1d809711761f9cef9754968f80752adab2bcb46e60c91c0ca837310152,b26a2d4d1a33dd6236b4ca552212fc6cbe8a750fa73a449c196702fba2290c60,2026-08-22T08:37:53+00:00,b68ccfc87680c2489332
DACCS,not applicable,remind-eu,SSP2-PkBudg1000,ENC,2030,2030,2049,2032,annual,20,100000.0,97200.0,97200.0,-86308103.43351491,-887.9434509620876,IPCC 2021 (incl. biogenic CO2) no LT - climate change: total (incl. biogenic CO2) no LT - global warming potential (GWP100) no LT,"global warming potential (GWP100), including biogenic CO2",kg CO2-Eq,100 ktCO2 captured per year stated by the DACCS inventory; annual throughput already embeds plant utilization.,a69a4f1d809711761f9cef9754968f80752adab2bcb46e60c91c0ca837310152,b26a2d4d1a33dd6236b4ca552212fc6cbe8a750fa73a449c196702fba2290c60,2026-08-22T08:37:53+00:00,4138e1837ede14c598f6
DACCS,not applicable,remind-eu,SSP2-PkBudg1000,ENC,2030,2030,2049,2033,annual,20,100000.0,97200.0,97200.0,-86649401.15322077,-891.4547443746993,IPCC 2021 (incl. biogenic CO2) no LT - climate change: total (incl. biogenic CO2) no LT - global warming potential (GWP100) no LT,"global warming potential (GWP100), including biogenic CO2",kg CO2-Eq,100 ktCO2 captured per year stated by the DACCS inventory; annual throughput already embeds plant utilization.,a69a4f1d809711761f9cef9754968f80752adab2bcb46e60c91c0ca837310152,b26a2d4d1a33dd6236b4ca552212fc6cbe8a750fa73a449c196702fba2290c60,2026-08-22T08:37:53+00:00,e3fc44cd01f93b13a1f7
DACCS,not applicable,remind-eu,SSP2-PkBudg1000,ENC,2030,2030,2049,2034,annual,20,100000.0,97200.0,97200.0,-86990737.03648444,-894.9664304165066,IPCC 2021 (incl. biogenic CO2) no LT - climate change: total (incl. biogenic CO2) no LT - global warming potential (GWP100) no LT,"global warming potential (GWP100), including biogenic CO2",kg CO2-Eq,100 ktCO2 captured per year stated by the DACCS inventory; annual throughput already embeds plant utilization.,a69a4f1d809711761f9cef9754968f80752adab2bcb46e60c91c0ca837310152,b26a2d4d1a33dd6236b4ca552212fc6cbe8a750fa73a449c196702fba2290c60,2026-08-22T08:37:53+00:00,39ba57792c5e1a29b06c
DACCS,not applicable,remind-eu,SSP2-PkBudg1000,ENC,2030,2030,2049,2035,annual,20,100000.0,97200.0,97200.0,-87332176.52827898,-898.4791823897014,IPCC 2021 (incl. biogenic CO2) no LT - climate change: total (incl. biogenic CO2) no LT - global warming potential (GWP100) no LT,"global warming potential (GWP100), including biogenic CO2",kg CO2-Eq,100 ktCO2 captured per year stated by the DACCS inventory; annual throughput already embeds plant utilization.,a69a4f1d809711761f9cef9754968f80752adab2bcb46e60c91c0ca837310152,b26a2d4d1a33dd6236b4ca552212fc6cbe8a750fa73a449c196702fba2290c60,2026-08-22T08:37:53+00:00,0e10faf52fd59d2d2fc3
DACCS,not applicable,remind-eu,SSP2-PkBudg1000,ENC,2030,2030,2049,2036,annual,20,100000.0,97200.0,97200.0,-87543947.69801924,-900.65789812777,IPCC 2021 (incl. biogenic CO2) no LT - climate change: total (incl. biogenic CO2) no LT - global warming potential (GWP100) no LT,"global warming potential (GWP100), including biogenic CO2",kg CO2-Eq,100 ktCO2 captured per year stated by the DACCS inventory; annual throughput already embeds plant utilization.,a69a4f1d809711761f9cef9754968f80752adab2bcb46e60c91c0ca837310152,b26a2d4d1a33dd6236b4ca552212fc6cbe8a750fa73a449c196702fba2290c60,2026-08-22T08:37:53+00:00,6cb271c188eac4c26e59
DACCS,not applicable,remind-eu,SSP2-PkBudg1000,ENC,2030,2030,2049,2037,annual,20,100000.0,97200.0,97200.0,-87756988.30628628,-902.8496739329863,IPCC 2021 (incl. biogenic CO2) no LT - climate change: total (incl. biogenic CO2) no LT - global warming potential (GWP100) no LT,"global warming potential (GWP100), including biogenic CO2",kg CO2-Eq,100 ktCO2 captured per year stated by the DACCS inventory; annual throughput already embeds plant utilization.,a69a4f1d809711761f9cef9754968f80752adab2bcb46e60c91c0ca837310152,b26a2d4d1a33dd6236b4ca552212fc6cbe8a750fa73a449c196702fba2290c60,2026-08-22T08:37:53+00:00,30995b2e9c173680d795
DACCS,not applicable,remind-eu,SSP2-PkBudg1000,ENC,2030,2030,2049,2038,annual,20,100000.0,97200.0,97200.0,-87971402.10242446,-905.0555771854368,IPCC 2021 (incl. biogenic CO2) no LT - climate change: total (incl. biogenic CO2) no LT - global warming potential (GWP100) no LT,"global warming potential (GWP100), including biogenic CO2",kg CO2-Eq,100 ktCO2 captured per year stated by the DACCS inventory; annual throughput already embeds plant utilization.,a69a4f1d809711761f9cef9754968f80752adab2bcb46e60c91c0ca837310152,b26a2d4d1a33dd6236b4ca552212fc6cbe8a750fa73a449c196702fba2290c60,2026-08-22T08:37:53+00:00,02b2c18cb0d47823fef8
DACCS,not applicable,remind-eu,SSP2-PkBudg1000,ENC,2030,2030,2049,2039,annual,20,100000.0,97200.0,97200.0,-88187289.93351625,-907.2766454065458,IPCC 2021 (incl. biogenic CO2) no LT - climate change: total (incl. biogenic CO2) no LT - global warming potential (GWP100) no LT,"global warming potential (GWP100), including biogenic CO2",kg CO2-Eq,100 ktCO2 captured per year stated by the DACCS inventory; annual throughput already embeds plant utilization.,a69a4f1d809711761f9cef9754968f80752adab2bcb46e60c91c0ca837310152,b26a2d4d1a33dd6236b4ca552212fc6cbe8a750fa73a449c196702fba2290c60,2026-08-22T08:37:53+00:00,e54d8d1c68df96216bb7
DACCS,not applicable,remind-eu,SSP2-PkBudg1000,ENC,2030,2030,2049,2040,annual,20,100000.0,97200.0,97200.0,-88404744.83961585,-909.513835798517,IPCC 2021 (incl. biogenic CO2) no LT - climate change: total (incl. biogenic CO2) no LT - global warming potential (GWP100) no LT,"global warming potential (GWP100), including biogenic CO2",kg CO2-Eq,100 ktCO2 captured per year stated by the DACCS inventory; annual throughput already embeds plant utilization.,a69a4f1d809711761f9cef9754968f80752adab2bcb46e60c91c0ca837310152,b26a2d4d1a33dd6236b4ca552212fc6cbe8a750fa73a449c196702fba2290c60,2026-08-22T08:37:53+00:00,d74ccf9249c81cd1395a
DACCS,not applicable,remind-eu,SSP2-PkBudg1000,ENC,2030,2030,2049,2041,annual,20,100000.0,97200.0,97200.0,-88626483.82889698,-911.7951011203394,IPCC 2021 (incl. biogenic CO2) no LT - climate change: total (incl. biogenic CO2) no LT - global warming potential (GWP100) no LT,"global warming potential (GWP100), including biogenic CO2",kg CO2-Eq,100 ktCO2 captured per year stated by the DACCS inventory; annual throughput already embeds plant utilization.,a69a4f1d809711761f9cef9754968f80752adab2bcb46e60c91c0ca837310152,b26a2d4d1a33dd6236b4ca552212fc6cbe8a750fa73a449c196702fba2290c60,2026-08-22T08:37:53+00:00,d2748ffa7c2c607f0cc8
DACCS,not applicable,remind-eu,SSP2-PkBudg1000,ENC,2030,2030,2049,2042,annual,20,100000.0,97200.0,97200.0,-88849495.83280419,-914.0894633004546,IPCC 2021 (incl. biogenic CO2) no LT - climate change: total (incl. biogenic CO2) no LT - global warming potential (GWP100) no LT,"global warming potential (GWP100), including biogenic CO2",kg CO2-Eq,100 ktCO2 captured per year stated by the DACCS inventory; annual throughput already embeds plant utilization.,a69a4f1d809711761f9cef9754968f80752adab2bcb46e60c91c0ca837310152,b26a2d4d1a33dd6236b4ca552212fc6cbe8a750fa73a449c196702fba2290c60,2026-08-22T08:37:53+00:00,b4fa4f9685eea0e6c0c2
DACCS,not applicable,remind-eu,SSP2-PkBudg1000,ENC,2030,2030,2049,2043,annual,20,100000.0,97200.0,97200.0,-89073808.77835865,-916.3972096538956,IPCC 2021 (incl. biogenic CO2) no LT - climate change: total (incl. biogenic CO2) no LT - global warming potential (GWP100) no LT,"global warming potential (GWP100), including biogenic CO2",kg CO2-Eq,100 ktCO2 captured per year stated by the DACCS inventory; annual throughput already embeds plant utilization.,a69a4f1d809711761f9cef9754968f80752adab2bcb46e60c91c0ca837310152,b26a2d4d1a33dd6236b4ca552212fc6cbe8a750fa73a449c196702fba2290c60,2026-08-22T08:37:53+00:00,133c62b18f36397fae7b
DACCS,not applicable,remind-eu,SSP2-PkBudg1000,ENC,2030,2030,2049,2044,annual,20,100000.0,97200.0,97200.0,-89299454.03772719,-918.7186629395802,IPCC 2021 (incl. biogenic CO2) no LT - climate change: total (incl. biogenic CO2) no LT - global warming potential (GWP100) no LT,"global warming potential (GWP100), including biogenic CO2",kg CO2-Eq,100 ktCO2 captured per year stated by the DACCS inventory; annual throughput already embeds plant utilization.,a69a4f1d809711761f9cef9754968f80752adab2bcb46e60c91c0ca837310152,b26a2d4d1a33dd6236b4ca552212fc6cbe8a750fa73a449c196702fba2290c60,2026-08-22T08:37:53+00:00,5526ec6ff2473a4ac112
DACCS,not applicable,remind-eu,SSP2-PkBudg1000,ENC,2030,2030,2049,2045,annual,20,100000.0,97200.0,97200.0,-89526458.5549446,-921.0541003595124,IPCC 2021 (incl. biogenic CO2) no LT - climate change: total (incl. biogenic CO2) no LT - global warming potential (GWP100) no LT,"global warming potential (GWP100), including biogenic CO2",kg CO2-Eq,100 ktCO2 captured per year stated by the DACCS inventory; annual throughput already embeds plant utilization.,a69a4f1d809711761f9cef9754968f80752adab2bcb46e60c91c0ca837310152,b26a2d4d1a33dd6236b4ca552212fc6cbe8a750fa73a449c196702fba2290c60,2026-08-22T08:37:53+00:00,664a42d97f2727f35989
DACCS,not applicable,remind-eu,SSP2-PkBudg1000,ENC,2030,2030,2049,2046,annual,20,100000.0,97200.0,97200.0,-89738967.80088209,-923.2404094740955,IPCC 2021 (incl. biogenic CO2) no LT - climate change: total (incl. biogenic CO2) no LT - global warming potential (GWP100) no LT,"global warming potential (GWP100), including biogenic CO2",kg CO2-Eq,100 ktCO2 captured per year stated by the DACCS inventory; annual throughput already embeds plant utilization.,a69a4f1d809711761f9cef9754968f80752adab2bcb46e60c91c0ca837310152,b26a2d4d1a33dd6236b4ca552212fc6cbe8a750fa73a449c196702fba2290c60,2026-08-22T08:37:53+00:00,4e7893348b7b87f6a071
DACCS,not applicable,remind-eu,SSP2-PkBudg1000,ENC,2030,2030,2049,2047,annual,20,100000.0,97200.0,97200.0,-89951521.83159573,-925.4271793374047,IPCC 2021 (incl. biogenic CO2) no LT - climate change: total (incl. biogenic CO2) no LT - global warming potential (GWP100) no LT,"global warming potential (GWP100), including biogenic CO2",kg CO2-Eq,100 ktCO2 captured per year stated by the DACCS inventory; annual throughput already embeds plant utilization.,a69a4f1d809711761f9cef9754968f80752adab2bcb46e60c91c0ca837310152,b26a2d4d1a33dd6236b4ca552212fc6cbe8a750fa73a449c196702fba2290c60,2026-08-22T08:37:53+00:00,978d739d989d9a0744d7
DACCS,not applicable,remind-eu,SSP2-PkBudg1000,ENC,2030,2030,2049,2048,annual,20,100000.0,97200.0,97200.0,-90164104.76833932,-927.6142465878531,IPCC 2021 (incl. biogenic CO2) no LT - climate change: total (incl. biogenic CO2) no LT - global warming potential (GWP100) no LT,"global warming potential (GWP100), including biogenic CO2",kg CO2-Eq,100 ktCO2 captured per year stated by the DACCS inventory; annual throughput already embeds plant utilization.,a69a4f1d809711761f9cef9754968f80752adab2bcb46e60c91c0ca837310152,b26a2d4d1a33dd6236b4ca552212fc6cbe8a750fa73a449c196702fba2290c60,2026-08-22T08:37:53+00:00,dc16c8417fad77679bc1
DACCS,not applicable,remind-eu,SSP2-PkBudg1000,ENC,2030,2030,2049,2049,annual,20,100000.0,97200.0,97200.0,-90376700.62283394,-929.8014467369746,IPCC 2021 (incl. biogenic CO2) no LT - climate change: total (incl. biogenic CO2) no LT - global warming potential (GWP100) no LT,"global warming potential (GWP100), including biogenic CO2",kg CO2-Eq,100 ktCO2 captured per year stated by the DACCS inventory; annual throughput already embeds plant utilization.,a69a4f1d809711761f9cef9754968f80752adab2bcb46e60c91c0ca837310152,b26a2d4d1a33dd6236b4ca552212fc6cbe8a750fa73a449c196702fba2290c60,2026-08-22T08:37:53+00:00,3192bbb7685e5ec4b36e
DACCS,not applicable,remind-eu,SSP2-PkBudg1000,ENC,2030,2030,2049,,lifetime,20,100000.0,97200.0,1944000.0,-1764343914.09346,-907.5843179493107,IPCC 2021 (incl. biogenic CO2) no LT - climate change: total (incl. biogenic CO2) no LT - global warming potential (GWP100) no LT,"global warming potential (GWP100), including biogenic CO2",kg CO2-Eq,100 ktCO2 captured per year stated by the DACCS inventory; annual throughput already embeds plant utilization.,a69a4f1d809711761f9cef9754968f80752adab2bcb46e60c91c0ca837310152,b26a2d4d1a33dd6236b4ca552212fc6cbe8a750fa73a449c196702fba2290c60,2026-08-22T08:37:53+00:00,f67ad858d493679b1cac
