model,model_version,scenario,region,domain,metric,group,year,value,unit,source_dataset,source_variables,derivation
IMAGE,3.4,SSP2-VLHO,World,Passenger cars,technology mix,Battery electric,2020,1229659.53125000,model activity unit,"structured_data (2, 4, 4) + GCAM 2026.csv",battery electric,Sum mapped pathway rows; chart normalizes the annual total to 100%.
IMAGE,3.4,SSP2-VLHO,World,Passenger cars,technology mix,Combustion,2020,146177095.81250000,model activity unit,"structured_data (2, 4, 4) + GCAM 2026.csv",compressed gas; gasoline,Sum mapped pathway rows; chart normalizes the annual total to 100%.
IMAGE,3.4,SSP2-VLHO,World,Passenger cars,technology mix,Battery electric,2025,2929812.50000000,model activity unit,"structured_data (2, 4, 4) + GCAM 2026.csv",battery electric,Sum mapped pathway rows; chart normalizes the annual total to 100%.
IMAGE,3.4,SSP2-VLHO,World,Passenger cars,technology mix,Combustion,2025,149410226.66666669,model activity unit,"structured_data (2, 4, 4) + GCAM 2026.csv",compressed gas; gasoline,Sum mapped pathway rows; chart normalizes the annual total to 100%.
IMAGE,3.4,SSP2-VLHO,World,Passenger cars,technology mix,Fuel cell,2025,111.23378754,model activity unit,"structured_data (2, 4, 4) + GCAM 2026.csv",fuel cell electric,Sum mapped pathway rows; chart normalizes the annual total to 100%.
IMAGE,3.4,SSP2-VLHO,World,Passenger cars,technology mix,Battery electric,2030,6543797.50000000,model activity unit,"structured_data (2, 4, 4) + GCAM 2026.csv",battery electric,Sum mapped pathway rows; chart normalizes the annual total to 100%.
IMAGE,3.4,SSP2-VLHO,World,Passenger cars,technology mix,Combustion,2030,131657507.33333334,model activity unit,"structured_data (2, 4, 4) + GCAM 2026.csv",compressed gas; gasoline,Sum mapped pathway rows; chart normalizes the annual total to 100%.
IMAGE,3.4,SSP2-VLHO,World,Passenger cars,technology mix,Fuel cell,2030,166591.74479167,model activity unit,"structured_data (2, 4, 4) + GCAM 2026.csv",fuel cell electric,Sum mapped pathway rows; chart normalizes the annual total to 100%.
IMAGE,3.4,SSP2-VLHO,World,Passenger cars,technology mix,Battery electric,2035,10916827.50000000,model activity unit,"structured_data (2, 4, 4) + GCAM 2026.csv",battery electric,Sum mapped pathway rows; chart normalizes the annual total to 100%.
IMAGE,3.4,SSP2-VLHO,World,Passenger cars,technology mix,Combustion,2035,102600887.59375000,model activity unit,"structured_data (2, 4, 4) + GCAM 2026.csv",compressed gas; gasoline,Sum mapped pathway rows; chart normalizes the annual total to 100%.
IMAGE,3.4,SSP2-VLHO,World,Passenger cars,technology mix,Fuel cell,2035,555273.48958333,model activity unit,"structured_data (2, 4, 4) + GCAM 2026.csv",fuel cell electric,Sum mapped pathway rows; chart normalizes the annual total to 100%.
IMAGE,3.4,SSP2-VLHO,World,Passenger cars,technology mix,Battery electric,2040,15799222.49999999,model activity unit,"structured_data (2, 4, 4) + GCAM 2026.csv",battery electric,Sum mapped pathway rows; chart normalizes the annual total to 100%.
IMAGE,3.4,SSP2-VLHO,World,Passenger cars,technology mix,Combustion,2040,86730984.33333333,model activity unit,"structured_data (2, 4, 4) + GCAM 2026.csv",compressed gas; gasoline,Sum mapped pathway rows; chart normalizes the annual total to 100%.
IMAGE,3.4,SSP2-VLHO,World,Passenger cars,technology mix,Fuel cell,2040,827862.65625000,model activity unit,"structured_data (2, 4, 4) + GCAM 2026.csv",fuel cell electric,Sum mapped pathway rows; chart normalizes the annual total to 100%.
IMAGE,3.4,SSP2-VLHO,World,Passenger cars,technology mix,Battery electric,2045,17987800.00000000,model activity unit,"structured_data (2, 4, 4) + GCAM 2026.csv",battery electric,Sum mapped pathway rows; chart normalizes the annual total to 100%.
IMAGE,3.4,SSP2-VLHO,World,Passenger cars,technology mix,Combustion,2045,76735323.40625000,model activity unit,"structured_data (2, 4, 4) + GCAM 2026.csv",compressed gas; gasoline,Sum mapped pathway rows; chart normalizes the annual total to 100%.
IMAGE,3.4,SSP2-VLHO,World,Passenger cars,technology mix,Fuel cell,2045,751539.16666667,model activity unit,"structured_data (2, 4, 4) + GCAM 2026.csv",fuel cell electric,Sum mapped pathway rows; chart normalizes the annual total to 100%.
IMAGE,3.4,SSP2-VLHO,World,Passenger cars,technology mix,Battery electric,2050,21416305.00000000,model activity unit,"structured_data (2, 4, 4) + GCAM 2026.csv",battery electric,Sum mapped pathway rows; chart normalizes the annual total to 100%.
IMAGE,3.4,SSP2-VLHO,World,Passenger cars,technology mix,Combustion,2050,65206414.28385417,model activity unit,"structured_data (2, 4, 4) + GCAM 2026.csv",compressed gas; gasoline,Sum mapped pathway rows; chart normalizes the annual total to 100%.
IMAGE,3.4,SSP2-VLHO,World,Passenger cars,technology mix,Fuel cell,2050,745260.83333333,model activity unit,"structured_data (2, 4, 4) + GCAM 2026.csv",fuel cell electric,Sum mapped pathway rows; chart normalizes the annual total to 100%.
IMAGE,3.4,SSP2-VLHO,World,Passenger cars,technology mix,Battery electric,2060,32704000.00000000,model activity unit,"structured_data (2, 4, 4) + GCAM 2026.csv",battery electric,Sum mapped pathway rows; chart normalizes the annual total to 100%.
IMAGE,3.4,SSP2-VLHO,World,Passenger cars,technology mix,Combustion,2060,20782163.53776042,model activity unit,"structured_data (2, 4, 4) + GCAM 2026.csv",compressed gas; gasoline,Sum mapped pathway rows; chart normalizes the annual total to 100%.
IMAGE,3.4,SSP2-VLHO,World,Passenger cars,technology mix,Fuel cell,2060,1066347.70833333,model activity unit,"structured_data (2, 4, 4) + GCAM 2026.csv",fuel cell electric,Sum mapped pathway rows; chart normalizes the annual total to 100%.
IMAGE,3.4,SSP2-VLHO,World,Passenger cars,technology mix,Battery electric,2070,42162425.00000000,model activity unit,"structured_data (2, 4, 4) + GCAM 2026.csv",battery electric,Sum mapped pathway rows; chart normalizes the annual total to 100%.
IMAGE,3.4,SSP2-VLHO,World,Passenger cars,technology mix,Combustion,2070,3873150.75535965,model activity unit,"structured_data (2, 4, 4) + GCAM 2026.csv",compressed gas; gasoline,Sum mapped pathway rows; chart normalizes the annual total to 100%.
IMAGE,3.4,SSP2-VLHO,World,Passenger cars,technology mix,Fuel cell,2070,2787051.66666667,model activity unit,"structured_data (2, 4, 4) + GCAM 2026.csv",fuel cell electric,Sum mapped pathway rows; chart normalizes the annual total to 100%.
IMAGE,3.4,SSP2-VLHO,World,Passenger cars,technology mix,Battery electric,2080,49730875.00000000,model activity unit,"structured_data (2, 4, 4) + GCAM 2026.csv",battery electric,Sum mapped pathway rows; chart normalizes the annual total to 100%.
IMAGE,3.4,SSP2-VLHO,World,Passenger cars,technology mix,Combustion,2080,1321796.07920988,model activity unit,"structured_data (2, 4, 4) + GCAM 2026.csv",compressed gas; gasoline,Sum mapped pathway rows; chart normalizes the annual total to 100%.
IMAGE,3.4,SSP2-VLHO,World,Passenger cars,technology mix,Fuel cell,2080,6304671.66666667,model activity unit,"structured_data (2, 4, 4) + GCAM 2026.csv",fuel cell electric,Sum mapped pathway rows; chart normalizes the annual total to 100%.
IMAGE,3.4,SSP2-VLHO,World,Passenger cars,technology mix,Battery electric,2090,58820250.00000000,model activity unit,"structured_data (2, 4, 4) + GCAM 2026.csv",battery electric,Sum mapped pathway rows; chart normalizes the annual total to 100%.
IMAGE,3.4,SSP2-VLHO,World,Passenger cars,technology mix,Combustion,2090,937152.90193639,model activity unit,"structured_data (2, 4, 4) + GCAM 2026.csv",compressed gas; gasoline,Sum mapped pathway rows; chart normalizes the annual total to 100%.
IMAGE,3.4,SSP2-VLHO,World,Passenger cars,technology mix,Fuel cell,2090,7371298.33333333,model activity unit,"structured_data (2, 4, 4) + GCAM 2026.csv",fuel cell electric,Sum mapped pathway rows; chart normalizes the annual total to 100%.
IMAGE,3.4,SSP2-VLHO,World,Passenger cars,technology mix,Battery electric,2100,64964575.00000000,model activity unit,"structured_data (2, 4, 4) + GCAM 2026.csv",battery electric,Sum mapped pathway rows; chart normalizes the annual total to 100%.
IMAGE,3.4,SSP2-VLHO,World,Passenger cars,technology mix,Combustion,2100,905114.71451226,model activity unit,"structured_data (2, 4, 4) + GCAM 2026.csv",compressed gas; gasoline,Sum mapped pathway rows; chart normalizes the annual total to 100%.
IMAGE,3.4,SSP2-VLHO,World,Passenger cars,technology mix,Fuel cell,2100,11863618.33333333,model activity unit,"structured_data (2, 4, 4) + GCAM 2026.csv",fuel cell electric,Sum mapped pathway rows; chart normalizes the annual total to 100%.
IMAGE,3.4,SSP2-VLHO,World,Cement,technology mix,Conventional kiln,2020,3383.06401253,Mt/yr,"structured_data (2, 4, 4) + GCAM 2026.csv","cement, dry feed rotary kiln",Sum mapped pathway rows; chart normalizes the annual total to 100%.
IMAGE,3.4,SSP2-VLHO,World,Cement,technology mix,Conventional kiln,2025,3236.53123331,Mt/yr,"structured_data (2, 4, 4) + GCAM 2026.csv","cement, dry feed rotary kiln",Sum mapped pathway rows; chart normalizes the annual total to 100%.
IMAGE,3.4,SSP2-VLHO,World,Cement,technology mix,Efficient kiln,2025,101.91819490,Mt/yr,"structured_data (2, 4, 4) + GCAM 2026.csv","cement, dry feed rotary kiln, efficient",Sum mapped pathway rows; chart normalizes the annual total to 100%.
IMAGE,3.4,SSP2-VLHO,World,Cement,technology mix,Conventional kiln,2030,3083.05632782,Mt/yr,"structured_data (2, 4, 4) + GCAM 2026.csv","cement, dry feed rotary kiln",Sum mapped pathway rows; chart normalizes the annual total to 100%.
IMAGE,3.4,SSP2-VLHO,World,Cement,technology mix,Efficient kiln,2030,296.97979641,Mt/yr,"structured_data (2, 4, 4) + GCAM 2026.csv","cement, dry feed rotary kiln, efficient",Sum mapped pathway rows; chart normalizes the annual total to 100%.
IMAGE,3.4,SSP2-VLHO,World,Cement,technology mix,Conventional kiln,2035,2824.48683500,Mt/yr,"structured_data (2, 4, 4) + GCAM 2026.csv","cement, dry feed rotary kiln",Sum mapped pathway rows; chart normalizes the annual total to 100%.
IMAGE,3.4,SSP2-VLHO,World,Cement,technology mix,Efficient kiln,2035,597.27900851,Mt/yr,"structured_data (2, 4, 4) + GCAM 2026.csv","cement, dry feed rotary kiln, efficient",Sum mapped pathway rows; chart normalizes the annual total to 100%.
IMAGE,3.4,SSP2-VLHO,World,Cement,technology mix,Conventional kiln,2040,2579.02169228,Mt/yr,"structured_data (2, 4, 4) + GCAM 2026.csv","cement, dry feed rotary kiln",Sum mapped pathway rows; chart normalizes the annual total to 100%.
IMAGE,3.4,SSP2-VLHO,World,Cement,technology mix,Efficient kiln,2040,803.47486937,Mt/yr,"structured_data (2, 4, 4) + GCAM 2026.csv","cement, dry feed rotary kiln, efficient",Sum mapped pathway rows; chart normalizes the annual total to 100%.
IMAGE,3.4,SSP2-VLHO,World,Cement,technology mix,MEA CCS,2040,1.84639262,Mt/yr,"structured_data (2, 4, 4) + GCAM 2026.csv","cement, dry feed rotary kiln, efficient, with MEA CCS",Sum mapped pathway rows; chart normalizes the annual total to 100%.
IMAGE,3.4,SSP2-VLHO,World,Cement,technology mix,On-site CCS,2040,5.96134075,Mt/yr,"structured_data (2, 4, 4) + GCAM 2026.csv","cement, dry feed rotary kiln, efficient, with on-site CCS",Sum mapped pathway rows; chart normalizes the annual total to 100%.
IMAGE,3.4,SSP2-VLHO,World,Cement,technology mix,Oxyfuel CCS,2040,0.97185903,Mt/yr,"structured_data (2, 4, 4) + GCAM 2026.csv","cement, dry feed rotary kiln, efficient, with oxyfuel CCS",Sum mapped pathway rows; chart normalizes the annual total to 100%.
IMAGE,3.4,SSP2-VLHO,World,Cement,technology mix,Conventional kiln,2045,2151.71503735,Mt/yr,"structured_data (2, 4, 4) + GCAM 2026.csv","cement, dry feed rotary kiln",Sum mapped pathway rows; chart normalizes the annual total to 100%.
IMAGE,3.4,SSP2-VLHO,World,Cement,technology mix,Efficient kiln,2045,814.19448614,Mt/yr,"structured_data (2, 4, 4) + GCAM 2026.csv","cement, dry feed rotary kiln, efficient",Sum mapped pathway rows; chart normalizes the annual total to 100%.
IMAGE,3.4,SSP2-VLHO,World,Cement,technology mix,MEA CCS,2045,317.49945536,Mt/yr,"structured_data (2, 4, 4) + GCAM 2026.csv","cement, dry feed rotary kiln, efficient, with MEA CCS",Sum mapped pathway rows; chart normalizes the annual total to 100%.
IMAGE,3.4,SSP2-VLHO,World,Cement,technology mix,On-site CCS,2045,66.88184970,Mt/yr,"structured_data (2, 4, 4) + GCAM 2026.csv","cement, dry feed rotary kiln, efficient, with on-site CCS",Sum mapped pathway rows; chart normalizes the annual total to 100%.
IMAGE,3.4,SSP2-VLHO,World,Cement,technology mix,Oxyfuel CCS,2045,43.17308750,Mt/yr,"structured_data (2, 4, 4) + GCAM 2026.csv","cement, dry feed rotary kiln, efficient, with oxyfuel CCS",Sum mapped pathway rows; chart normalizes the annual total to 100%.
IMAGE,3.4,SSP2-VLHO,World,Cement,technology mix,Conventional kiln,2050,1800.87287402,Mt/yr,"structured_data (2, 4, 4) + GCAM 2026.csv","cement, dry feed rotary kiln",Sum mapped pathway rows; chart normalizes the annual total to 100%.
IMAGE,3.4,SSP2-VLHO,World,Cement,technology mix,Efficient kiln,2050,718.59461153,Mt/yr,"structured_data (2, 4, 4) + GCAM 2026.csv","cement, dry feed rotary kiln, efficient",Sum mapped pathway rows; chart normalizes the annual total to 100%.
IMAGE,3.4,SSP2-VLHO,World,Cement,technology mix,MEA CCS,2050,484.79989851,Mt/yr,"structured_data (2, 4, 4) + GCAM 2026.csv","cement, dry feed rotary kiln, efficient, with MEA CCS",Sum mapped pathway rows; chart normalizes the annual total to 100%.
IMAGE,3.4,SSP2-VLHO,World,Cement,technology mix,On-site CCS,2050,105.80433902,Mt/yr,"structured_data (2, 4, 4) + GCAM 2026.csv","cement, dry feed rotary kiln, efficient, with on-site CCS",Sum mapped pathway rows; chart normalizes the annual total to 100%.
IMAGE,3.4,SSP2-VLHO,World,Cement,technology mix,Oxyfuel CCS,2050,180.92600746,Mt/yr,"structured_data (2, 4, 4) + GCAM 2026.csv","cement, dry feed rotary kiln, efficient, with oxyfuel CCS",Sum mapped pathway rows; chart normalizes the annual total to 100%.
IMAGE,3.4,SSP2-VLHO,World,Cement,technology mix,Conventional kiln,2060,678.63851309,Mt/yr,"structured_data (2, 4, 4) + GCAM 2026.csv","cement, dry feed rotary kiln",Sum mapped pathway rows; chart normalizes the annual total to 100%.
IMAGE,3.4,SSP2-VLHO,World,Cement,technology mix,Efficient kiln,2060,258.10296020,Mt/yr,"structured_data (2, 4, 4) + GCAM 2026.csv","cement, dry feed rotary kiln, efficient",Sum mapped pathway rows; chart normalizes the annual total to 100%.
IMAGE,3.4,SSP2-VLHO,World,Cement,technology mix,MEA CCS,2060,1020.90483761,Mt/yr,"structured_data (2, 4, 4) + GCAM 2026.csv","cement, dry feed rotary kiln, efficient, with MEA CCS",Sum mapped pathway rows; chart normalizes the annual total to 100%.
IMAGE,3.4,SSP2-VLHO,World,Cement,technology mix,On-site CCS,2060,108.30788569,Mt/yr,"structured_data (2, 4, 4) + GCAM 2026.csv","cement, dry feed rotary kiln, efficient, with on-site CCS",Sum mapped pathway rows; chart normalizes the annual total to 100%.
IMAGE,3.4,SSP2-VLHO,World,Cement,technology mix,Oxyfuel CCS,2060,937.99574041,Mt/yr,"structured_data (2, 4, 4) + GCAM 2026.csv","cement, dry feed rotary kiln, efficient, with oxyfuel CCS",Sum mapped pathway rows; chart normalizes the annual total to 100%.
IMAGE,3.4,SSP2-VLHO,World,Cement,technology mix,Conventional kiln,2070,27.43630842,Mt/yr,"structured_data (2, 4, 4) + GCAM 2026.csv","cement, dry feed rotary kiln",Sum mapped pathway rows; chart normalizes the annual total to 100%.
IMAGE,3.4,SSP2-VLHO,World,Cement,technology mix,Efficient kiln,2070,21.97851012,Mt/yr,"structured_data (2, 4, 4) + GCAM 2026.csv","cement, dry feed rotary kiln, efficient",Sum mapped pathway rows; chart normalizes the annual total to 100%.
IMAGE,3.4,SSP2-VLHO,World,Cement,technology mix,MEA CCS,2070,1147.06764817,Mt/yr,"structured_data (2, 4, 4) + GCAM 2026.csv","cement, dry feed rotary kiln, efficient, with MEA CCS",Sum mapped pathway rows; chart normalizes the annual total to 100%.
IMAGE,3.4,SSP2-VLHO,World,Cement,technology mix,On-site CCS,2070,53.12704800,Mt/yr,"structured_data (2, 4, 4) + GCAM 2026.csv","cement, dry feed rotary kiln, efficient, with on-site CCS",Sum mapped pathway rows; chart normalizes the annual total to 100%.
IMAGE,3.4,SSP2-VLHO,World,Cement,technology mix,Oxyfuel CCS,2070,1837.22154593,Mt/yr,"structured_data (2, 4, 4) + GCAM 2026.csv","cement, dry feed rotary kiln, efficient, with oxyfuel CCS",Sum mapped pathway rows; chart normalizes the annual total to 100%.
IMAGE,3.4,SSP2-VLHO,World,Cement,technology mix,Conventional kiln,2080,7.82364028,Mt/yr,"structured_data (2, 4, 4) + GCAM 2026.csv","cement, dry feed rotary kiln",Sum mapped pathway rows; chart normalizes the annual total to 100%.
IMAGE,3.4,SSP2-VLHO,World,Cement,technology mix,Efficient kiln,2080,9.82202086,Mt/yr,"structured_data (2, 4, 4) + GCAM 2026.csv","cement, dry feed rotary kiln, efficient",Sum mapped pathway rows; chart normalizes the annual total to 100%.
IMAGE,3.4,SSP2-VLHO,World,Cement,technology mix,MEA CCS,2080,966.38792002,Mt/yr,"structured_data (2, 4, 4) + GCAM 2026.csv","cement, dry feed rotary kiln, efficient, with MEA CCS",Sum mapped pathway rows; chart normalizes the annual total to 100%.
IMAGE,3.4,SSP2-VLHO,World,Cement,technology mix,On-site CCS,2080,0.35051627,Mt/yr,"structured_data (2, 4, 4) + GCAM 2026.csv","cement, dry feed rotary kiln, efficient, with on-site CCS",Sum mapped pathway rows; chart normalizes the annual total to 100%.
IMAGE,3.4,SSP2-VLHO,World,Cement,technology mix,Oxyfuel CCS,2080,2210.64708328,Mt/yr,"structured_data (2, 4, 4) + GCAM 2026.csv","cement, dry feed rotary kiln, efficient, with oxyfuel CCS",Sum mapped pathway rows; chart normalizes the annual total to 100%.
IMAGE,3.4,SSP2-VLHO,World,Cement,technology mix,Conventional kiln,2090,3.48963064,Mt/yr,"structured_data (2, 4, 4) + GCAM 2026.csv","cement, dry feed rotary kiln",Sum mapped pathway rows; chart normalizes the annual total to 100%.
IMAGE,3.4,SSP2-VLHO,World,Cement,technology mix,Efficient kiln,2090,4.38205901,Mt/yr,"structured_data (2, 4, 4) + GCAM 2026.csv","cement, dry feed rotary kiln, efficient",Sum mapped pathway rows; chart normalizes the annual total to 100%.
IMAGE,3.4,SSP2-VLHO,World,Cement,technology mix,MEA CCS,2090,734.47333682,Mt/yr,"structured_data (2, 4, 4) + GCAM 2026.csv","cement, dry feed rotary kiln, efficient, with MEA CCS",Sum mapped pathway rows; chart normalizes the annual total to 100%.
IMAGE,3.4,SSP2-VLHO,World,Cement,technology mix,Oxyfuel CCS,2090,2430.45118761,Mt/yr,"structured_data (2, 4, 4) + GCAM 2026.csv","cement, dry feed rotary kiln, efficient, with oxyfuel CCS",Sum mapped pathway rows; chart normalizes the annual total to 100%.
IMAGE,3.4,SSP2-VLHO,World,Cement,technology mix,Conventional kiln,2100,25.98172594,Mt/yr,"structured_data (2, 4, 4) + GCAM 2026.csv","cement, dry feed rotary kiln",Sum mapped pathway rows; chart normalizes the annual total to 100%.
IMAGE,3.4,SSP2-VLHO,World,Cement,technology mix,Efficient kiln,2100,28.27357116,Mt/yr,"structured_data (2, 4, 4) + GCAM 2026.csv","cement, dry feed rotary kiln, efficient",Sum mapped pathway rows; chart normalizes the annual total to 100%.
IMAGE,3.4,SSP2-VLHO,World,Cement,technology mix,MEA CCS,2100,638.00912440,Mt/yr,"structured_data (2, 4, 4) + GCAM 2026.csv","cement, dry feed rotary kiln, efficient, with MEA CCS",Sum mapped pathway rows; chart normalizes the annual total to 100%.
IMAGE,3.4,SSP2-VLHO,World,Cement,technology mix,On-site CCS,2100,0.26865691,Mt/yr,"structured_data (2, 4, 4) + GCAM 2026.csv","cement, dry feed rotary kiln, efficient, with on-site CCS",Sum mapped pathway rows; chart normalizes the annual total to 100%.
IMAGE,3.4,SSP2-VLHO,World,Cement,technology mix,Oxyfuel CCS,2100,2486.85390115,Mt/yr,"structured_data (2, 4, 4) + GCAM 2026.csv","cement, dry feed rotary kiln, efficient, with oxyfuel CCS",Sum mapped pathway rows; chart normalizes the annual total to 100%.
IMAGE,3.4,SSP2-VLHO,World,Steel,technology mix,Advanced fossil primary,2020,192.06459289,Mt/yr,"structured_data (2, 4, 4) + GCAM 2026.csv",primary - DRI; primary - TGR BF/BOF,Sum mapped pathway rows; chart normalizes the annual total to 100%.
IMAGE,3.4,SSP2-VLHO,World,Steel,technology mix,Conventional BF/BOF,2020,3732.12240641,Mt/yr,"structured_data (2, 4, 4) + GCAM 2026.csv",primary - BF/BOF,Sum mapped pathway rows; chart normalizes the annual total to 100%.
IMAGE,3.4,SSP2-VLHO,World,Steel,technology mix,Secondary steel,2020,447.90576008,Mt/yr,"structured_data (2, 4, 4) + GCAM 2026.csv",secondary,Sum mapped pathway rows; chart normalizes the annual total to 100%.
IMAGE,3.4,SSP2-VLHO,World,Steel,technology mix,Advanced fossil primary,2025,201.74993665,Mt/yr,"structured_data (2, 4, 4) + GCAM 2026.csv",primary - DRI; primary - TGR BF/BOF,Sum mapped pathway rows; chart normalizes the annual total to 100%.
IMAGE,3.4,SSP2-VLHO,World,Steel,technology mix,Conventional BF/BOF,2025,3601.40131277,Mt/yr,"structured_data (2, 4, 4) + GCAM 2026.csv",primary - BF/BOF,Sum mapped pathway rows; chart normalizes the annual total to 100%.
IMAGE,3.4,SSP2-VLHO,World,Steel,technology mix,Secondary steel,2025,534.87672414,Mt/yr,"structured_data (2, 4, 4) + GCAM 2026.csv",secondary,Sum mapped pathway rows; chart normalizes the annual total to 100%.
IMAGE,3.4,SSP2-VLHO,World,Steel,technology mix,Advanced fossil primary,2030,275.84969878,Mt/yr,"structured_data (2, 4, 4) + GCAM 2026.csv",primary - DRI; primary - TGR BF/BOF,Sum mapped pathway rows; chart normalizes the annual total to 100%.
IMAGE,3.4,SSP2-VLHO,World,Steel,technology mix,Conventional BF/BOF,2030,3509.80766209,Mt/yr,"structured_data (2, 4, 4) + GCAM 2026.csv",primary - BF/BOF,Sum mapped pathway rows; chart normalizes the annual total to 100%.
IMAGE,3.4,SSP2-VLHO,World,Steel,technology mix,Secondary steel,2030,638.92568815,Mt/yr,"structured_data (2, 4, 4) + GCAM 2026.csv",secondary,Sum mapped pathway rows; chart normalizes the annual total to 100%.
IMAGE,3.4,SSP2-VLHO,World,Steel,technology mix,Advanced fossil primary,2035,381.69285531,Mt/yr,"structured_data (2, 4, 4) + GCAM 2026.csv",primary - DRI; primary - TGR BF/BOF,Sum mapped pathway rows; chart normalizes the annual total to 100%.
IMAGE,3.4,SSP2-VLHO,World,Steel,technology mix,Conventional BF/BOF,2035,3191.64423742,Mt/yr,"structured_data (2, 4, 4) + GCAM 2026.csv",primary - BF/BOF,Sum mapped pathway rows; chart normalizes the annual total to 100%.
IMAGE,3.4,SSP2-VLHO,World,Steel,technology mix,Secondary steel,2035,792.71084377,Mt/yr,"structured_data (2, 4, 4) + GCAM 2026.csv",secondary,Sum mapped pathway rows; chart normalizes the annual total to 100%.
IMAGE,3.4,SSP2-VLHO,World,Steel,technology mix,Advanced fossil primary,2040,564.51804684,Mt/yr,"structured_data (2, 4, 4) + GCAM 2026.csv",primary - DRI; primary - TGR BF/BOF,Sum mapped pathway rows; chart normalizes the annual total to 100%.
IMAGE,3.4,SSP2-VLHO,World,Steel,technology mix,Conventional BF/BOF,2040,2923.98755164,Mt/yr,"structured_data (2, 4, 4) + GCAM 2026.csv",primary - BF/BOF,Sum mapped pathway rows; chart normalizes the annual total to 100%.
IMAGE,3.4,SSP2-VLHO,World,Steel,technology mix,Primary with CCS,2040,0.96656885,Mt/yr,"structured_data (2, 4, 4) + GCAM 2026.csv",primary - BF/BOF CCS; primary - DRI CCS; primary - TGR BF/BOF CCS,Sum mapped pathway rows; chart normalizes the annual total to 100%.
IMAGE,3.4,SSP2-VLHO,World,Steel,technology mix,Secondary steel,2040,877.65822279,Mt/yr,"structured_data (2, 4, 4) + GCAM 2026.csv",secondary,Sum mapped pathway rows; chart normalizes the annual total to 100%.
IMAGE,3.4,SSP2-VLHO,World,Steel,technology mix,Advanced fossil primary,2045,524.08399773,Mt/yr,"structured_data (2, 4, 4) + GCAM 2026.csv",primary - DRI; primary - TGR BF/BOF,Sum mapped pathway rows; chart normalizes the annual total to 100%.
IMAGE,3.4,SSP2-VLHO,World,Steel,technology mix,Conventional BF/BOF,2045,2186.42007416,Mt/yr,"structured_data (2, 4, 4) + GCAM 2026.csv",primary - BF/BOF,Sum mapped pathway rows; chart normalizes the annual total to 100%.
IMAGE,3.4,SSP2-VLHO,World,Steel,technology mix,Hydrogen + electrowinning,2045,141.42210774,Mt/yr,"structured_data (2, 4, 4) + GCAM 2026.csv",primary - Electrowinning; primary - H-DRI,Sum mapped pathway rows; chart normalizes the annual total to 100%.
IMAGE,3.4,SSP2-VLHO,World,Steel,technology mix,Primary with CCS,2045,213.12952364,Mt/yr,"structured_data (2, 4, 4) + GCAM 2026.csv",primary - BF/BOF CCS; primary - DRI CCS; primary - TGR BF/BOF CCS,Sum mapped pathway rows; chart normalizes the annual total to 100%.
IMAGE,3.4,SSP2-VLHO,World,Steel,technology mix,Secondary steel,2045,941.33006477,Mt/yr,"structured_data (2, 4, 4) + GCAM 2026.csv",secondary,Sum mapped pathway rows; chart normalizes the annual total to 100%.
IMAGE,3.4,SSP2-VLHO,World,Steel,technology mix,Advanced fossil primary,2050,476.28029681,Mt/yr,"structured_data (2, 4, 4) + GCAM 2026.csv",primary - DRI; primary - TGR BF/BOF,Sum mapped pathway rows; chart normalizes the annual total to 100%.
IMAGE,3.4,SSP2-VLHO,World,Steel,technology mix,Conventional BF/BOF,2050,1710.99183877,Mt/yr,"structured_data (2, 4, 4) + GCAM 2026.csv",primary - BF/BOF,Sum mapped pathway rows; chart normalizes the annual total to 100%.
IMAGE,3.4,SSP2-VLHO,World,Steel,technology mix,Hydrogen + electrowinning,2050,314.07408398,Mt/yr,"structured_data (2, 4, 4) + GCAM 2026.csv",primary - Electrowinning; primary - H-DRI,Sum mapped pathway rows; chart normalizes the annual total to 100%.
IMAGE,3.4,SSP2-VLHO,World,Steel,technology mix,Primary with CCS,2050,313.48783015,Mt/yr,"structured_data (2, 4, 4) + GCAM 2026.csv",primary - BF/BOF CCS; primary - DRI CCS; primary - TGR BF/BOF CCS,Sum mapped pathway rows; chart normalizes the annual total to 100%.
IMAGE,3.4,SSP2-VLHO,World,Steel,technology mix,Secondary steel,2050,985.47383952,Mt/yr,"structured_data (2, 4, 4) + GCAM 2026.csv",secondary,Sum mapped pathway rows; chart normalizes the annual total to 100%.
IMAGE,3.4,SSP2-VLHO,World,Steel,technology mix,Advanced fossil primary,2060,320.71247818,Mt/yr,"structured_data (2, 4, 4) + GCAM 2026.csv",primary - DRI; primary - TGR BF/BOF,Sum mapped pathway rows; chart normalizes the annual total to 100%.
IMAGE,3.4,SSP2-VLHO,World,Steel,technology mix,Conventional BF/BOF,2060,1038.79077246,Mt/yr,"structured_data (2, 4, 4) + GCAM 2026.csv",primary - BF/BOF,Sum mapped pathway rows; chart normalizes the annual total to 100%.
IMAGE,3.4,SSP2-VLHO,World,Steel,technology mix,Hydrogen + electrowinning,2060,670.93574572,Mt/yr,"structured_data (2, 4, 4) + GCAM 2026.csv",primary - Electrowinning; primary - H-DRI,Sum mapped pathway rows; chart normalizes the annual total to 100%.
IMAGE,3.4,SSP2-VLHO,World,Steel,technology mix,Primary with CCS,2060,414.45630579,Mt/yr,"structured_data (2, 4, 4) + GCAM 2026.csv",primary - BF/BOF CCS; primary - DRI CCS; primary - TGR BF/BOF CCS,Sum mapped pathway rows; chart normalizes the annual total to 100%.
IMAGE,3.4,SSP2-VLHO,World,Steel,technology mix,Secondary steel,2060,1053.61434197,Mt/yr,"structured_data (2, 4, 4) + GCAM 2026.csv",secondary,Sum mapped pathway rows; chart normalizes the annual total to 100%.
IMAGE,3.4,SSP2-VLHO,World,Steel,technology mix,Advanced fossil primary,2070,68.63529049,Mt/yr,"structured_data (2, 4, 4) + GCAM 2026.csv",primary - DRI; primary - TGR BF/BOF,Sum mapped pathway rows; chart normalizes the annual total to 100%.
IMAGE,3.4,SSP2-VLHO,World,Steel,technology mix,Conventional BF/BOF,2070,211.73315545,Mt/yr,"structured_data (2, 4, 4) + GCAM 2026.csv",primary - BF/BOF,Sum mapped pathway rows; chart normalizes the annual total to 100%.
IMAGE,3.4,SSP2-VLHO,World,Steel,technology mix,Hydrogen + electrowinning,2070,1112.00583994,Mt/yr,"structured_data (2, 4, 4) + GCAM 2026.csv",primary - Electrowinning; primary - H-DRI,Sum mapped pathway rows; chart normalizes the annual total to 100%.
IMAGE,3.4,SSP2-VLHO,World,Steel,technology mix,Primary with CCS,2070,377.58184366,Mt/yr,"structured_data (2, 4, 4) + GCAM 2026.csv",primary - BF/BOF CCS; primary - DRI CCS; primary - TGR BF/BOF CCS,Sum mapped pathway rows; chart normalizes the annual total to 100%.
IMAGE,3.4,SSP2-VLHO,World,Steel,technology mix,Secondary steel,2070,1228.88428307,Mt/yr,"structured_data (2, 4, 4) + GCAM 2026.csv",secondary,Sum mapped pathway rows; chart normalizes the annual total to 100%.
IMAGE,3.4,SSP2-VLHO,World,Steel,technology mix,Hydrogen + electrowinning,2080,1364.62416178,Mt/yr,"structured_data (2, 4, 4) + GCAM 2026.csv",primary - Electrowinning; primary - H-DRI,Sum mapped pathway rows; chart normalizes the annual total to 100%.
IMAGE,3.4,SSP2-VLHO,World,Steel,technology mix,Primary with CCS,2080,197.72801899,Mt/yr,"structured_data (2, 4, 4) + GCAM 2026.csv",primary - BF/BOF CCS; primary - DRI CCS; primary - TGR BF/BOF CCS,Sum mapped pathway rows; chart normalizes the annual total to 100%.
IMAGE,3.4,SSP2-VLHO,World,Steel,technology mix,Secondary steel,2080,1370.03402996,Mt/yr,"structured_data (2, 4, 4) + GCAM 2026.csv",secondary,Sum mapped pathway rows; chart normalizes the annual total to 100%.
IMAGE,3.4,SSP2-VLHO,World,Steel,technology mix,Hydrogen + electrowinning,2090,1444.52877650,Mt/yr,"structured_data (2, 4, 4) + GCAM 2026.csv",primary - Electrowinning; primary - H-DRI,Sum mapped pathway rows; chart normalizes the annual total to 100%.
IMAGE,3.4,SSP2-VLHO,World,Steel,technology mix,Primary with CCS,2090,109.15326561,Mt/yr,"structured_data (2, 4, 4) + GCAM 2026.csv",primary - BF/BOF CCS; primary - DRI CCS; primary - TGR BF/BOF CCS,Sum mapped pathway rows; chart normalizes the annual total to 100%.
IMAGE,3.4,SSP2-VLHO,World,Steel,technology mix,Secondary steel,2090,1443.62373734,Mt/yr,"structured_data (2, 4, 4) + GCAM 2026.csv",secondary,Sum mapped pathway rows; chart normalizes the annual total to 100%.
IMAGE,3.4,SSP2-VLHO,World,Steel,technology mix,Hydrogen + electrowinning,2100,1431.46707147,Mt/yr,"structured_data (2, 4, 4) + GCAM 2026.csv",primary - Electrowinning; primary - H-DRI,Sum mapped pathway rows; chart normalizes the annual total to 100%.
IMAGE,3.4,SSP2-VLHO,World,Steel,technology mix,Primary with CCS,2100,73.94113071,Mt/yr,"structured_data (2, 4, 4) + GCAM 2026.csv",primary - BF/BOF CCS; primary - DRI CCS; primary - TGR BF/BOF CCS,Sum mapped pathway rows; chart normalizes the annual total to 100%.
IMAGE,3.4,SSP2-VLHO,World,Steel,technology mix,Secondary steel,2100,1527.26205683,Mt/yr,"structured_data (2, 4, 4) + GCAM 2026.csv",secondary,Sum mapped pathway rows; chart normalizes the annual total to 100%.
IMAGE,3.4,SSP2-VLHO,World,Space heating,technology mix,Electric heating,2020,6.60646379,EJ/yr,IMAGE 3.4_SSP2_VLHO.xlsx,Final Energy|Residential|Space Heating|Electricity; Final Energy|Commercial|Space Heating|Electricity,Sum residential and commercial delivered-energy carriers; electricity is a technology proxy that includes heat pumps and resistance heating.
IMAGE,3.4,SSP2-VLHO,World,Space heating,technology mix,District heat,2020,4.51030526,EJ/yr,IMAGE 3.4_SSP2_VLHO.xlsx,Final Energy|Residential|Space Heating|Heat; Final Energy|Commercial|Space Heating|Heat,Sum residential and commercial delivered-energy carriers; electricity is a technology proxy that includes heat pumps and resistance heating.
IMAGE,3.4,SSP2-VLHO,World,Space heating,technology mix,Fossil boilers,2020,26.00275750,EJ/yr,IMAGE 3.4_SSP2_VLHO.xlsx,Final Energy|Residential|Space Heating|Coal; Final Energy|Residential|Space Heating|Liquid (fossil); Final Energy|Residential|Space Heating|Natural Gas; Final Energy|Commercial|Space Heating|Gases; Final Energy|Commercial|Space Heating|Liquids,Sum residential and commercial delivered-energy carriers; electricity is a technology proxy that includes heat pumps and resistance heating.
IMAGE,3.4,SSP2-VLHO,World,Space heating,technology mix,Bioenergy,2020,4.49585103,EJ/yr,IMAGE 3.4_SSP2_VLHO.xlsx,Final Energy|Residential|Space Heating|Modern Biomass; Final Energy|Residential|Space Heating|Traditional Biomass,Sum residential and commercial delivered-energy carriers; electricity is a technology proxy that includes heat pumps and resistance heating.
IMAGE,3.4,SSP2-VLHO,World,Space heating,technology mix,Hydrogen,2020,0.00000000,EJ/yr,IMAGE 3.4_SSP2_VLHO.xlsx,Final Energy|Residential|Space Heating|Hydrogen; Final Energy|Commercial|Space Heating|Hydrogen,Sum residential and commercial delivered-energy carriers; electricity is a technology proxy that includes heat pumps and resistance heating.
IMAGE,3.4,SSP2-VLHO,World,Passenger cars,specific energy,Specific energy use,2020,1.38840865,MJ/pkm,IMAGE 3.4_SSP2_VLHO.xlsx,Final Energy|Transportation|Passenger|Light Duty Vehicle / Energy Service|Transportation|Passenger|Road|Light-Duty Vehicle,"EJ/yr divided by billion pkm/yr, converted to MJ/pkm."
IMAGE,3.4,SSP2-VLHO,World,Cement,specific energy,Specific energy use,2020,4.82339671,GJ/t cement (sector proxy),IMAGE 3.4_SSP2_VLHO.xlsx,Final Energy|Industry|Non-Metallic Minerals / summed Cement pathway output,"EJ/yr divided by Mt cement/yr, converted to GJ/t; numerator covers the wider non-metallic-minerals sector."
IMAGE,3.4,SSP2-VLHO,World,Steel,specific energy,Specific energy use,2020,11.01330145,GJ/t crude steel,IMAGE 3.4_SSP2_VLHO.xlsx,Final Energy|Industry|Iron and Steel / Production|Industry|Iron and Steel|Crude Steel,"EJ/yr divided by Mt crude steel/yr, converted to GJ/t."
IMAGE,3.4,SSP2-VLHO,World,Space heating,specific energy,Specific energy use,2020,5.57867931,GJ/person,IMAGE 3.4_SSP2_VLHO.xlsx,(Final Energy|Residential|Space Heating + Final Energy|Commercial|Space Heating) / Population,"EJ/yr divided by million people, converted to GJ/person; floor area and useful heat are not reported."
IMAGE,3.4,SSP2-VLHO,World,Passenger cars,context total,Passenger-kilometres,2020,32031.44836426,billion pkm/yr,IMAGE 3.4_SSP2_VLHO.xlsx,Energy Service|Transportation|Passenger|Road|Light-Duty Vehicle,Direct IMAGE value or explicitly stated sum.
IMAGE,3.4,SSP2-VLHO,World,Cement,context total,Cement output,2020,3383.06401253,Mt/yr,IMAGE 3.4_SSP2_VLHO.xlsx,Summed Cement pathway output,Direct IMAGE value or explicitly stated sum.
IMAGE,3.4,SSP2-VLHO,World,Steel,context total,Crude-steel output,2020,1884.01098633,Mt/yr,IMAGE 3.4_SSP2_VLHO.xlsx,Production|Industry|Iron and Steel|Crude Steel,Direct IMAGE value or explicitly stated sum.
IMAGE,3.4,SSP2-VLHO,World,Space heating,context total,Delivered space-heating energy,2020,43.73335911,EJ/yr,IMAGE 3.4_SSP2_VLHO.xlsx,Final Energy|Residential|Space Heating + Final Energy|Commercial|Space Heating,Direct IMAGE value or explicitly stated sum.
IMAGE,3.4,SSP2-VLHO,World,Space heating,technology mix,Electric heating,2025,7.38689877,EJ/yr,IMAGE 3.4_SSP2_VLHO.xlsx,Final Energy|Residential|Space Heating|Electricity; Final Energy|Commercial|Space Heating|Electricity,Sum residential and commercial delivered-energy carriers; electricity is a technology proxy that includes heat pumps and resistance heating.
IMAGE,3.4,SSP2-VLHO,World,Space heating,technology mix,District heat,2025,4.45487986,EJ/yr,IMAGE 3.4_SSP2_VLHO.xlsx,Final Energy|Residential|Space Heating|Heat; Final Energy|Commercial|Space Heating|Heat,Sum residential and commercial delivered-energy carriers; electricity is a technology proxy that includes heat pumps and resistance heating.
IMAGE,3.4,SSP2-VLHO,World,Space heating,technology mix,Fossil boilers,2025,24.73213067,EJ/yr,IMAGE 3.4_SSP2_VLHO.xlsx,Final Energy|Residential|Space Heating|Coal; Final Energy|Residential|Space Heating|Liquid (fossil); Final Energy|Residential|Space Heating|Natural Gas; Final Energy|Commercial|Space Heating|Gases; Final Energy|Commercial|Space Heating|Liquids,Sum residential and commercial delivered-energy carriers; electricity is a technology proxy that includes heat pumps and resistance heating.
IMAGE,3.4,SSP2-VLHO,World,Space heating,technology mix,Bioenergy,2025,3.15198543,EJ/yr,IMAGE 3.4_SSP2_VLHO.xlsx,Final Energy|Residential|Space Heating|Modern Biomass; Final Energy|Residential|Space Heating|Traditional Biomass,Sum residential and commercial delivered-energy carriers; electricity is a technology proxy that includes heat pumps and resistance heating.
IMAGE,3.4,SSP2-VLHO,World,Space heating,technology mix,Hydrogen,2025,0.00000000,EJ/yr,IMAGE 3.4_SSP2_VLHO.xlsx,Final Energy|Residential|Space Heating|Hydrogen; Final Energy|Commercial|Space Heating|Hydrogen,Sum residential and commercial delivered-energy carriers; electricity is a technology proxy that includes heat pumps and resistance heating.
IMAGE,3.4,SSP2-VLHO,World,Passenger cars,specific energy,Specific energy use,2025,1.31547728,MJ/pkm,IMAGE 3.4_SSP2_VLHO.xlsx,Final Energy|Transportation|Passenger|Light Duty Vehicle / Energy Service|Transportation|Passenger|Road|Light-Duty Vehicle,"EJ/yr divided by billion pkm/yr, converted to MJ/pkm."
IMAGE,3.4,SSP2-VLHO,World,Cement,specific energy,Specific energy use,2025,4.73139704,GJ/t cement (sector proxy),IMAGE 3.4_SSP2_VLHO.xlsx,Final Energy|Industry|Non-Metallic Minerals / summed Cement pathway output,"EJ/yr divided by Mt cement/yr, converted to GJ/t; numerator covers the wider non-metallic-minerals sector."
IMAGE,3.4,SSP2-VLHO,World,Steel,specific energy,Specific energy use,2025,11.03390993,GJ/t crude steel,IMAGE 3.4_SSP2_VLHO.xlsx,Final Energy|Industry|Iron and Steel / Production|Industry|Iron and Steel|Crude Steel,"EJ/yr divided by Mt crude steel/yr, converted to GJ/t."
IMAGE,3.4,SSP2-VLHO,World,Space heating,specific energy,Specific energy use,2025,5.25512556,GJ/person,IMAGE 3.4_SSP2_VLHO.xlsx,(Final Energy|Residential|Space Heating + Final Energy|Commercial|Space Heating) / Population,"EJ/yr divided by million people, converted to GJ/person; floor area and useful heat are not reported."
IMAGE,3.4,SSP2-VLHO,World,Passenger cars,context total,Passenger-kilometres,2025,35035.80093384,billion pkm/yr,IMAGE 3.4_SSP2_VLHO.xlsx,Energy Service|Transportation|Passenger|Road|Light-Duty Vehicle,Direct IMAGE value or explicitly stated sum.
IMAGE,3.4,SSP2-VLHO,World,Cement,context total,Cement output,2025,3338.44942822,Mt/yr,IMAGE 3.4_SSP2_VLHO.xlsx,Summed Cement pathway output,Direct IMAGE value or explicitly stated sum.
IMAGE,3.4,SSP2-VLHO,World,Steel,context total,Crude-steel output,2025,1931.42602539,Mt/yr,IMAGE 3.4_SSP2_VLHO.xlsx,Production|Industry|Iron and Steel|Crude Steel,Direct IMAGE value or explicitly stated sum.
IMAGE,3.4,SSP2-VLHO,World,Space heating,context total,Delivered space-heating energy,2025,43.03630935,EJ/yr,IMAGE 3.4_SSP2_VLHO.xlsx,Final Energy|Residential|Space Heating + Final Energy|Commercial|Space Heating,Direct IMAGE value or explicitly stated sum.
IMAGE,3.4,SSP2-VLHO,World,Space heating,technology mix,Electric heating,2030,8.28550813,EJ/yr,IMAGE 3.4_SSP2_VLHO.xlsx,Final Energy|Residential|Space Heating|Electricity; Final Energy|Commercial|Space Heating|Electricity,Sum residential and commercial delivered-energy carriers; electricity is a technology proxy that includes heat pumps and resistance heating.
IMAGE,3.4,SSP2-VLHO,World,Space heating,technology mix,District heat,2030,4.61892902,EJ/yr,IMAGE 3.4_SSP2_VLHO.xlsx,Final Energy|Residential|Space Heating|Heat; Final Energy|Commercial|Space Heating|Heat,Sum residential and commercial delivered-energy carriers; electricity is a technology proxy that includes heat pumps and resistance heating.
IMAGE,3.4,SSP2-VLHO,World,Space heating,technology mix,Fossil boilers,2030,22.83134893,EJ/yr,IMAGE 3.4_SSP2_VLHO.xlsx,Final Energy|Residential|Space Heating|Coal; Final Energy|Residential|Space Heating|Liquid (fossil); Final Energy|Residential|Space Heating|Natural Gas; Final Energy|Commercial|Space Heating|Gases; Final Energy|Commercial|Space Heating|Liquids,Sum residential and commercial delivered-energy carriers; electricity is a technology proxy that includes heat pumps and resistance heating.
IMAGE,3.4,SSP2-VLHO,World,Space heating,technology mix,Bioenergy,2030,2.72862533,EJ/yr,IMAGE 3.4_SSP2_VLHO.xlsx,Final Energy|Residential|Space Heating|Modern Biomass; Final Energy|Residential|Space Heating|Traditional Biomass,Sum residential and commercial delivered-energy carriers; electricity is a technology proxy that includes heat pumps and resistance heating.
IMAGE,3.4,SSP2-VLHO,World,Space heating,technology mix,Hydrogen,2030,0.00000000,EJ/yr,IMAGE 3.4_SSP2_VLHO.xlsx,Final Energy|Residential|Space Heating|Hydrogen; Final Energy|Commercial|Space Heating|Hydrogen,Sum residential and commercial delivered-energy carriers; electricity is a technology proxy that includes heat pumps and resistance heating.
IMAGE,3.4,SSP2-VLHO,World,Passenger cars,specific energy,Specific energy use,2030,1.15575633,MJ/pkm,IMAGE 3.4_SSP2_VLHO.xlsx,Final Energy|Transportation|Passenger|Light Duty Vehicle / Energy Service|Transportation|Passenger|Road|Light-Duty Vehicle,"EJ/yr divided by billion pkm/yr, converted to MJ/pkm."
IMAGE,3.4,SSP2-VLHO,World,Cement,specific energy,Specific energy use,2030,4.57286246,GJ/t cement (sector proxy),IMAGE 3.4_SSP2_VLHO.xlsx,Final Energy|Industry|Non-Metallic Minerals / summed Cement pathway output,"EJ/yr divided by Mt cement/yr, converted to GJ/t; numerator covers the wider non-metallic-minerals sector."
IMAGE,3.4,SSP2-VLHO,World,Steel,specific energy,Specific energy use,2030,10.51918102,GJ/t crude steel,IMAGE 3.4_SSP2_VLHO.xlsx,Final Energy|Industry|Iron and Steel / Production|Industry|Iron and Steel|Crude Steel,"EJ/yr divided by Mt crude steel/yr, converted to GJ/t."
IMAGE,3.4,SSP2-VLHO,World,Space heating,specific energy,Specific energy use,2030,4.86077867,GJ/person,IMAGE 3.4_SSP2_VLHO.xlsx,(Final Energy|Residential|Space Heating + Final Energy|Commercial|Space Heating) / Population,"EJ/yr divided by million people, converted to GJ/person; floor area and useful heat are not reported."
IMAGE,3.4,SSP2-VLHO,World,Passenger cars,context total,Passenger-kilometres,2030,36585.10971069,billion pkm/yr,IMAGE 3.4_SSP2_VLHO.xlsx,Energy Service|Transportation|Passenger|Road|Light-Duty Vehicle,Direct IMAGE value or explicitly stated sum.
IMAGE,3.4,SSP2-VLHO,World,Cement,context total,Cement output,2030,3380.03612423,Mt/yr,IMAGE 3.4_SSP2_VLHO.xlsx,Summed Cement pathway output,Direct IMAGE value or explicitly stated sum.
IMAGE,3.4,SSP2-VLHO,World,Steel,context total,Crude-steel output,2030,2034.53295898,Mt/yr,IMAGE 3.4_SSP2_VLHO.xlsx,Production|Industry|Iron and Steel|Crude Steel,Direct IMAGE value or explicitly stated sum.
IMAGE,3.4,SSP2-VLHO,World,Space heating,context total,Delivered space-heating energy,2030,41.50092002,EJ/yr,IMAGE 3.4_SSP2_VLHO.xlsx,Final Energy|Residential|Space Heating + Final Energy|Commercial|Space Heating,Direct IMAGE value or explicitly stated sum.
IMAGE,3.4,SSP2-VLHO,World,Space heating,technology mix,Electric heating,2035,7.77273374,EJ/yr,IMAGE 3.4_SSP2_VLHO.xlsx,Final Energy|Residential|Space Heating|Electricity; Final Energy|Commercial|Space Heating|Electricity,Sum residential and commercial delivered-energy carriers; electricity is a technology proxy that includes heat pumps and resistance heating.
IMAGE,3.4,SSP2-VLHO,World,Space heating,technology mix,District heat,2035,4.07236704,EJ/yr,IMAGE 3.4_SSP2_VLHO.xlsx,Final Energy|Residential|Space Heating|Heat; Final Energy|Commercial|Space Heating|Heat,Sum residential and commercial delivered-energy carriers; electricity is a technology proxy that includes heat pumps and resistance heating.
IMAGE,3.4,SSP2-VLHO,World,Space heating,technology mix,Fossil boilers,2035,20.34328058,EJ/yr,IMAGE 3.4_SSP2_VLHO.xlsx,Final Energy|Residential|Space Heating|Coal; Final Energy|Residential|Space Heating|Liquid (fossil); Final Energy|Residential|Space Heating|Natural Gas; Final Energy|Commercial|Space Heating|Gases; Final Energy|Commercial|Space Heating|Liquids,Sum residential and commercial delivered-energy carriers; electricity is a technology proxy that includes heat pumps and resistance heating.
IMAGE,3.4,SSP2-VLHO,World,Space heating,technology mix,Bioenergy,2035,2.24396741,EJ/yr,IMAGE 3.4_SSP2_VLHO.xlsx,Final Energy|Residential|Space Heating|Modern Biomass; Final Energy|Residential|Space Heating|Traditional Biomass,Sum residential and commercial delivered-energy carriers; electricity is a technology proxy that includes heat pumps and resistance heating.
IMAGE,3.4,SSP2-VLHO,World,Space heating,technology mix,Hydrogen,2035,0.00000000,EJ/yr,IMAGE 3.4_SSP2_VLHO.xlsx,Final Energy|Residential|Space Heating|Hydrogen; Final Energy|Commercial|Space Heating|Hydrogen,Sum residential and commercial delivered-energy carriers; electricity is a technology proxy that includes heat pumps and resistance heating.
IMAGE,3.4,SSP2-VLHO,World,Passenger cars,specific energy,Specific energy use,2035,0.94393024,MJ/pkm,IMAGE 3.4_SSP2_VLHO.xlsx,Final Energy|Transportation|Passenger|Light Duty Vehicle / Energy Service|Transportation|Passenger|Road|Light-Duty Vehicle,"EJ/yr divided by billion pkm/yr, converted to MJ/pkm."
IMAGE,3.4,SSP2-VLHO,World,Cement,specific energy,Specific energy use,2035,4.19387848,GJ/t cement (sector proxy),IMAGE 3.4_SSP2_VLHO.xlsx,Final Energy|Industry|Non-Metallic Minerals / summed Cement pathway output,"EJ/yr divided by Mt cement/yr, converted to GJ/t; numerator covers the wider non-metallic-minerals sector."
IMAGE,3.4,SSP2-VLHO,World,Steel,specific energy,Specific energy use,2035,9.77194509,GJ/t crude steel,IMAGE 3.4_SSP2_VLHO.xlsx,Final Energy|Industry|Iron and Steel / Production|Industry|Iron and Steel|Crude Steel,"EJ/yr divided by Mt crude steel/yr, converted to GJ/t."
IMAGE,3.4,SSP2-VLHO,World,Space heating,specific energy,Specific energy use,2035,4.03657507,GJ/person,IMAGE 3.4_SSP2_VLHO.xlsx,(Final Energy|Residential|Space Heating + Final Energy|Commercial|Space Heating) / Population,"EJ/yr divided by million people, converted to GJ/person; floor area and useful heat are not reported."
IMAGE,3.4,SSP2-VLHO,World,Passenger cars,context total,Passenger-kilometres,2035,37633.28933716,billion pkm/yr,IMAGE 3.4_SSP2_VLHO.xlsx,Energy Service|Transportation|Passenger|Road|Light-Duty Vehicle,Direct IMAGE value or explicitly stated sum.
IMAGE,3.4,SSP2-VLHO,World,Cement,context total,Cement output,2035,3421.76584351,Mt/yr,IMAGE 3.4_SSP2_VLHO.xlsx,Summed Cement pathway output,Direct IMAGE value or explicitly stated sum.
IMAGE,3.4,SSP2-VLHO,World,Steel,context total,Crude-steel output,2035,2137.89892578,Mt/yr,IMAGE 3.4_SSP2_VLHO.xlsx,Production|Industry|Iron and Steel|Crude Steel,Direct IMAGE value or explicitly stated sum.
IMAGE,3.4,SSP2-VLHO,World,Space heating,context total,Delivered space-heating energy,2035,35.77091023,EJ/yr,IMAGE 3.4_SSP2_VLHO.xlsx,Final Energy|Residential|Space Heating + Final Energy|Commercial|Space Heating,Direct IMAGE value or explicitly stated sum.
IMAGE,3.4,SSP2-VLHO,World,Space heating,technology mix,Electric heating,2040,6.78983104,EJ/yr,IMAGE 3.4_SSP2_VLHO.xlsx,Final Energy|Residential|Space Heating|Electricity; Final Energy|Commercial|Space Heating|Electricity,Sum residential and commercial delivered-energy carriers; electricity is a technology proxy that includes heat pumps and resistance heating.
IMAGE,3.4,SSP2-VLHO,World,Space heating,technology mix,District heat,2040,3.82509797,EJ/yr,IMAGE 3.4_SSP2_VLHO.xlsx,Final Energy|Residential|Space Heating|Heat; Final Energy|Commercial|Space Heating|Heat,Sum residential and commercial delivered-energy carriers; electricity is a technology proxy that includes heat pumps and resistance heating.
IMAGE,3.4,SSP2-VLHO,World,Space heating,technology mix,Fossil boilers,2040,18.50325045,EJ/yr,IMAGE 3.4_SSP2_VLHO.xlsx,Final Energy|Residential|Space Heating|Coal; Final Energy|Residential|Space Heating|Liquid (fossil); Final Energy|Residential|Space Heating|Natural Gas; Final Energy|Commercial|Space Heating|Gases; Final Energy|Commercial|Space Heating|Liquids,Sum residential and commercial delivered-energy carriers; electricity is a technology proxy that includes heat pumps and resistance heating.
IMAGE,3.4,SSP2-VLHO,World,Space heating,technology mix,Bioenergy,2040,1.89592606,EJ/yr,IMAGE 3.4_SSP2_VLHO.xlsx,Final Energy|Residential|Space Heating|Modern Biomass; Final Energy|Residential|Space Heating|Traditional Biomass,Sum residential and commercial delivered-energy carriers; electricity is a technology proxy that includes heat pumps and resistance heating.
IMAGE,3.4,SSP2-VLHO,World,Space heating,technology mix,Hydrogen,2040,0.00000000,EJ/yr,IMAGE 3.4_SSP2_VLHO.xlsx,Final Energy|Residential|Space Heating|Hydrogen; Final Energy|Commercial|Space Heating|Hydrogen,Sum residential and commercial delivered-energy carriers; electricity is a technology proxy that includes heat pumps and resistance heating.
IMAGE,3.4,SSP2-VLHO,World,Passenger cars,specific energy,Specific energy use,2040,0.80615583,MJ/pkm,IMAGE 3.4_SSP2_VLHO.xlsx,Final Energy|Transportation|Passenger|Light Duty Vehicle / Energy Service|Transportation|Passenger|Road|Light-Duty Vehicle,"EJ/yr divided by billion pkm/yr, converted to MJ/pkm."
IMAGE,3.4,SSP2-VLHO,World,Cement,specific energy,Specific energy use,2040,3.77581164,GJ/t cement (sector proxy),IMAGE 3.4_SSP2_VLHO.xlsx,Final Energy|Industry|Non-Metallic Minerals / summed Cement pathway output,"EJ/yr divided by Mt cement/yr, converted to GJ/t; numerator covers the wider non-metallic-minerals sector."
IMAGE,3.4,SSP2-VLHO,World,Steel,specific energy,Specific energy use,2040,8.93052709,GJ/t crude steel,IMAGE 3.4_SSP2_VLHO.xlsx,Final Energy|Industry|Iron and Steel / Production|Industry|Iron and Steel|Crude Steel,"EJ/yr divided by Mt crude steel/yr, converted to GJ/t."
IMAGE,3.4,SSP2-VLHO,World,Space heating,specific energy,Specific energy use,2040,3.44890839,GJ/person,IMAGE 3.4_SSP2_VLHO.xlsx,(Final Energy|Residential|Space Heating + Final Energy|Commercial|Space Heating) / Population,"EJ/yr divided by million people, converted to GJ/person; floor area and useful heat are not reported."
IMAGE,3.4,SSP2-VLHO,World,Passenger cars,context total,Passenger-kilometres,2040,40782.95898438,billion pkm/yr,IMAGE 3.4_SSP2_VLHO.xlsx,Energy Service|Transportation|Passenger|Road|Light-Duty Vehicle,Direct IMAGE value or explicitly stated sum.
IMAGE,3.4,SSP2-VLHO,World,Cement,context total,Cement output,2040,3391.27615405,Mt/yr,IMAGE 3.4_SSP2_VLHO.xlsx,Summed Cement pathway output,Direct IMAGE value or explicitly stated sum.
IMAGE,3.4,SSP2-VLHO,World,Steel,context total,Crude-steel output,2040,2247.52807617,Mt/yr,IMAGE 3.4_SSP2_VLHO.xlsx,Production|Industry|Iron and Steel|Crude Steel,Direct IMAGE value or explicitly stated sum.
IMAGE,3.4,SSP2-VLHO,World,Space heating,context total,Delivered space-heating energy,2040,31.58778743,EJ/yr,IMAGE 3.4_SSP2_VLHO.xlsx,Final Energy|Residential|Space Heating + Final Energy|Commercial|Space Heating,Direct IMAGE value or explicitly stated sum.
IMAGE,3.4,SSP2-VLHO,World,Space heating,technology mix,Electric heating,2045,6.68661031,EJ/yr,IMAGE 3.4_SSP2_VLHO.xlsx,Final Energy|Residential|Space Heating|Electricity; Final Energy|Commercial|Space Heating|Electricity,Sum residential and commercial delivered-energy carriers; electricity is a technology proxy that includes heat pumps and resistance heating.
IMAGE,3.4,SSP2-VLHO,World,Space heating,technology mix,District heat,2045,3.83015497,EJ/yr,IMAGE 3.4_SSP2_VLHO.xlsx,Final Energy|Residential|Space Heating|Heat; Final Energy|Commercial|Space Heating|Heat,Sum residential and commercial delivered-energy carriers; electricity is a technology proxy that includes heat pumps and resistance heating.
IMAGE,3.4,SSP2-VLHO,World,Space heating,technology mix,Fossil boilers,2045,18.39699472,EJ/yr,IMAGE 3.4_SSP2_VLHO.xlsx,Final Energy|Residential|Space Heating|Coal; Final Energy|Residential|Space Heating|Liquid (fossil); Final Energy|Residential|Space Heating|Natural Gas; Final Energy|Commercial|Space Heating|Gases; Final Energy|Commercial|Space Heating|Liquids,Sum residential and commercial delivered-energy carriers; electricity is a technology proxy that includes heat pumps and resistance heating.
IMAGE,3.4,SSP2-VLHO,World,Space heating,technology mix,Bioenergy,2045,1.62948114,EJ/yr,IMAGE 3.4_SSP2_VLHO.xlsx,Final Energy|Residential|Space Heating|Modern Biomass; Final Energy|Residential|Space Heating|Traditional Biomass,Sum residential and commercial delivered-energy carriers; electricity is a technology proxy that includes heat pumps and resistance heating.
IMAGE,3.4,SSP2-VLHO,World,Space heating,technology mix,Hydrogen,2045,0.00000000,EJ/yr,IMAGE 3.4_SSP2_VLHO.xlsx,Final Energy|Residential|Space Heating|Hydrogen; Final Energy|Commercial|Space Heating|Hydrogen,Sum residential and commercial delivered-energy carriers; electricity is a technology proxy that includes heat pumps and resistance heating.
IMAGE,3.4,SSP2-VLHO,World,Passenger cars,specific energy,Specific energy use,2045,0.68617005,MJ/pkm,IMAGE 3.4_SSP2_VLHO.xlsx,Final Energy|Transportation|Passenger|Light Duty Vehicle / Energy Service|Transportation|Passenger|Road|Light-Duty Vehicle,"EJ/yr divided by billion pkm/yr, converted to MJ/pkm."
IMAGE,3.4,SSP2-VLHO,World,Cement,specific energy,Specific energy use,2045,3.33752473,GJ/t cement (sector proxy),IMAGE 3.4_SSP2_VLHO.xlsx,Final Energy|Industry|Non-Metallic Minerals / summed Cement pathway output,"EJ/yr divided by Mt cement/yr, converted to GJ/t; numerator covers the wider non-metallic-minerals sector."
IMAGE,3.4,SSP2-VLHO,World,Steel,specific energy,Specific energy use,2045,7.83555799,GJ/t crude steel,IMAGE 3.4_SSP2_VLHO.xlsx,Final Energy|Industry|Iron and Steel / Production|Industry|Iron and Steel|Crude Steel,"EJ/yr divided by Mt crude steel/yr, converted to GJ/t."
IMAGE,3.4,SSP2-VLHO,World,Space heating,specific energy,Specific energy use,2045,3.29711469,GJ/person,IMAGE 3.4_SSP2_VLHO.xlsx,(Final Energy|Residential|Space Heating + Final Energy|Commercial|Space Heating) / Population,"EJ/yr divided by million people, converted to GJ/person; floor area and useful heat are not reported."
IMAGE,3.4,SSP2-VLHO,World,Passenger cars,context total,Passenger-kilometres,2045,44741.80984497,billion pkm/yr,IMAGE 3.4_SSP2_VLHO.xlsx,Energy Service|Transportation|Passenger|Road|Light-Duty Vehicle,Direct IMAGE value or explicitly stated sum.
IMAGE,3.4,SSP2-VLHO,World,Cement,context total,Cement output,2045,3393.46391605,Mt/yr,IMAGE 3.4_SSP2_VLHO.xlsx,Summed Cement pathway output,Direct IMAGE value or explicitly stated sum.
IMAGE,3.4,SSP2-VLHO,World,Steel,context total,Crude-steel output,2045,2364.11889648,Mt/yr,IMAGE 3.4_SSP2_VLHO.xlsx,Production|Industry|Iron and Steel|Crude Steel,Direct IMAGE value or explicitly stated sum.
IMAGE,3.4,SSP2-VLHO,World,Space heating,context total,Delivered space-heating energy,2045,31.06752362,EJ/yr,IMAGE 3.4_SSP2_VLHO.xlsx,Final Energy|Residential|Space Heating + Final Energy|Commercial|Space Heating,Direct IMAGE value or explicitly stated sum.
IMAGE,3.4,SSP2-VLHO,World,Space heating,technology mix,Electric heating,2050,6.76873672,EJ/yr,IMAGE 3.4_SSP2_VLHO.xlsx,Final Energy|Residential|Space Heating|Electricity; Final Energy|Commercial|Space Heating|Electricity,Sum residential and commercial delivered-energy carriers; electricity is a technology proxy that includes heat pumps and resistance heating.
IMAGE,3.4,SSP2-VLHO,World,Space heating,technology mix,District heat,2050,4.54426112,EJ/yr,IMAGE 3.4_SSP2_VLHO.xlsx,Final Energy|Residential|Space Heating|Heat; Final Energy|Commercial|Space Heating|Heat,Sum residential and commercial delivered-energy carriers; electricity is a technology proxy that includes heat pumps and resistance heating.
IMAGE,3.4,SSP2-VLHO,World,Space heating,technology mix,Fossil boilers,2050,15.26197408,EJ/yr,IMAGE 3.4_SSP2_VLHO.xlsx,Final Energy|Residential|Space Heating|Coal; Final Energy|Residential|Space Heating|Liquid (fossil); Final Energy|Residential|Space Heating|Natural Gas; Final Energy|Commercial|Space Heating|Gases; Final Energy|Commercial|Space Heating|Liquids,Sum residential and commercial delivered-energy carriers; electricity is a technology proxy that includes heat pumps and resistance heating.
IMAGE,3.4,SSP2-VLHO,World,Space heating,technology mix,Bioenergy,2050,1.45584750,EJ/yr,IMAGE 3.4_SSP2_VLHO.xlsx,Final Energy|Residential|Space Heating|Modern Biomass; Final Energy|Residential|Space Heating|Traditional Biomass,Sum residential and commercial delivered-energy carriers; electricity is a technology proxy that includes heat pumps and resistance heating.
IMAGE,3.4,SSP2-VLHO,World,Space heating,technology mix,Hydrogen,2050,0.00000000,EJ/yr,IMAGE 3.4_SSP2_VLHO.xlsx,Final Energy|Residential|Space Heating|Hydrogen; Final Energy|Commercial|Space Heating|Hydrogen,Sum residential and commercial delivered-energy carriers; electricity is a technology proxy that includes heat pumps and resistance heating.
IMAGE,3.4,SSP2-VLHO,World,Passenger cars,specific energy,Specific energy use,2050,0.60386029,MJ/pkm,IMAGE 3.4_SSP2_VLHO.xlsx,Final Energy|Transportation|Passenger|Light Duty Vehicle / Energy Service|Transportation|Passenger|Road|Light-Duty Vehicle,"EJ/yr divided by billion pkm/yr, converted to MJ/pkm."
IMAGE,3.4,SSP2-VLHO,World,Cement,specific energy,Specific energy use,2050,3.09862271,GJ/t cement (sector proxy),IMAGE 3.4_SSP2_VLHO.xlsx,Final Energy|Industry|Non-Metallic Minerals / summed Cement pathway output,"EJ/yr divided by Mt cement/yr, converted to GJ/t; numerator covers the wider non-metallic-minerals sector."
IMAGE,3.4,SSP2-VLHO,World,Steel,specific energy,Specific energy use,2050,7.66573549,GJ/t crude steel,IMAGE 3.4_SSP2_VLHO.xlsx,Final Energy|Industry|Iron and Steel / Production|Industry|Iron and Steel|Crude Steel,"EJ/yr divided by Mt crude steel/yr, converted to GJ/t."
IMAGE,3.4,SSP2-VLHO,World,Space heating,specific energy,Specific energy use,2050,2.93754192,GJ/person,IMAGE 3.4_SSP2_VLHO.xlsx,(Final Energy|Residential|Space Heating + Final Energy|Commercial|Space Heating) / Population,"EJ/yr divided by million people, converted to GJ/person; floor area and useful heat are not reported."
IMAGE,3.4,SSP2-VLHO,World,Passenger cars,context total,Passenger-kilometres,2050,47358.66928101,billion pkm/yr,IMAGE 3.4_SSP2_VLHO.xlsx,Energy Service|Transportation|Passenger|Road|Light-Duty Vehicle,Direct IMAGE value or explicitly stated sum.
IMAGE,3.4,SSP2-VLHO,World,Cement,context total,Cement output,2050,3290.99773054,Mt/yr,IMAGE 3.4_SSP2_VLHO.xlsx,Summed Cement pathway output,Direct IMAGE value or explicitly stated sum.
IMAGE,3.4,SSP2-VLHO,World,Steel,context total,Crude-steel output,2050,2477.59912109,Mt/yr,IMAGE 3.4_SSP2_VLHO.xlsx,Production|Industry|Iron and Steel|Crude Steel,Direct IMAGE value or explicitly stated sum.
IMAGE,3.4,SSP2-VLHO,World,Space heating,context total,Delivered space-heating energy,2050,28.34244008,EJ/yr,IMAGE 3.4_SSP2_VLHO.xlsx,Final Energy|Residential|Space Heating + Final Energy|Commercial|Space Heating,Direct IMAGE value or explicitly stated sum.
IMAGE,3.4,SSP2-VLHO,World,Space heating,technology mix,Electric heating,2060,8.13359981,EJ/yr,IMAGE 3.4_SSP2_VLHO.xlsx,Final Energy|Residential|Space Heating|Electricity; Final Energy|Commercial|Space Heating|Electricity,Sum residential and commercial delivered-energy carriers; electricity is a technology proxy that includes heat pumps and resistance heating.
IMAGE,3.4,SSP2-VLHO,World,Space heating,technology mix,District heat,2060,6.06628283,EJ/yr,IMAGE 3.4_SSP2_VLHO.xlsx,Final Energy|Residential|Space Heating|Heat; Final Energy|Commercial|Space Heating|Heat,Sum residential and commercial delivered-energy carriers; electricity is a technology proxy that includes heat pumps and resistance heating.
IMAGE,3.4,SSP2-VLHO,World,Space heating,technology mix,Fossil boilers,2060,4.95092495,EJ/yr,IMAGE 3.4_SSP2_VLHO.xlsx,Final Energy|Residential|Space Heating|Coal; Final Energy|Residential|Space Heating|Liquid (fossil); Final Energy|Residential|Space Heating|Natural Gas; Final Energy|Commercial|Space Heating|Gases; Final Energy|Commercial|Space Heating|Liquids,Sum residential and commercial delivered-energy carriers; electricity is a technology proxy that includes heat pumps and resistance heating.
IMAGE,3.4,SSP2-VLHO,World,Space heating,technology mix,Bioenergy,2060,1.49190379,EJ/yr,IMAGE 3.4_SSP2_VLHO.xlsx,Final Energy|Residential|Space Heating|Modern Biomass; Final Energy|Residential|Space Heating|Traditional Biomass,Sum residential and commercial delivered-energy carriers; electricity is a technology proxy that includes heat pumps and resistance heating.
IMAGE,3.4,SSP2-VLHO,World,Space heating,technology mix,Hydrogen,2060,0.00000000,EJ/yr,IMAGE 3.4_SSP2_VLHO.xlsx,Final Energy|Residential|Space Heating|Hydrogen; Final Energy|Commercial|Space Heating|Hydrogen,Sum residential and commercial delivered-energy carriers; electricity is a technology proxy that includes heat pumps and resistance heating.
IMAGE,3.4,SSP2-VLHO,World,Passenger cars,specific energy,Specific energy use,2060,0.40361699,MJ/pkm,IMAGE 3.4_SSP2_VLHO.xlsx,Final Energy|Transportation|Passenger|Light Duty Vehicle / Energy Service|Transportation|Passenger|Road|Light-Duty Vehicle,"EJ/yr divided by billion pkm/yr, converted to MJ/pkm."
IMAGE,3.4,SSP2-VLHO,World,Cement,specific energy,Specific energy use,2060,3.94308168,GJ/t cement (sector proxy),IMAGE 3.4_SSP2_VLHO.xlsx,Final Energy|Industry|Non-Metallic Minerals / summed Cement pathway output,"EJ/yr divided by Mt cement/yr, converted to GJ/t; numerator covers the wider non-metallic-minerals sector."
IMAGE,3.4,SSP2-VLHO,World,Steel,specific energy,Specific energy use,2060,8.13070348,GJ/t crude steel,IMAGE 3.4_SSP2_VLHO.xlsx,Final Energy|Industry|Iron and Steel / Production|Industry|Iron and Steel|Crude Steel,"EJ/yr divided by Mt crude steel/yr, converted to GJ/t."
IMAGE,3.4,SSP2-VLHO,World,Space heating,specific energy,Specific energy use,2060,2.06931501,GJ/person,IMAGE 3.4_SSP2_VLHO.xlsx,(Final Energy|Residential|Space Heating + Final Energy|Commercial|Space Heating) / Population,"EJ/yr divided by million people, converted to GJ/person; floor area and useful heat are not reported."
IMAGE,3.4,SSP2-VLHO,World,Passenger cars,context total,Passenger-kilometres,2060,49449.10812378,billion pkm/yr,IMAGE 3.4_SSP2_VLHO.xlsx,Energy Service|Transportation|Passenger|Road|Light-Duty Vehicle,Direct IMAGE value or explicitly stated sum.
IMAGE,3.4,SSP2-VLHO,World,Cement,context total,Cement output,2060,3003.94993700,Mt/yr,IMAGE 3.4_SSP2_VLHO.xlsx,Summed Cement pathway output,Direct IMAGE value or explicitly stated sum.
IMAGE,3.4,SSP2-VLHO,World,Steel,context total,Crude-steel output,2060,2675.97998047,Mt/yr,IMAGE 3.4_SSP2_VLHO.xlsx,Production|Industry|Iron and Steel|Crude Steel,Direct IMAGE value or explicitly stated sum.
IMAGE,3.4,SSP2-VLHO,World,Space heating,context total,Delivered space-heating energy,2060,20.64271457,EJ/yr,IMAGE 3.4_SSP2_VLHO.xlsx,Final Energy|Residential|Space Heating + Final Energy|Commercial|Space Heating,Direct IMAGE value or explicitly stated sum.
IMAGE,3.4,SSP2-VLHO,World,Space heating,technology mix,Electric heating,2070,8.30504711,EJ/yr,IMAGE 3.4_SSP2_VLHO.xlsx,Final Energy|Residential|Space Heating|Electricity; Final Energy|Commercial|Space Heating|Electricity,Sum residential and commercial delivered-energy carriers; electricity is a technology proxy that includes heat pumps and resistance heating.
IMAGE,3.4,SSP2-VLHO,World,Space heating,technology mix,District heat,2070,4.61654498,EJ/yr,IMAGE 3.4_SSP2_VLHO.xlsx,Final Energy|Residential|Space Heating|Heat; Final Energy|Commercial|Space Heating|Heat,Sum residential and commercial delivered-energy carriers; electricity is a technology proxy that includes heat pumps and resistance heating.
IMAGE,3.4,SSP2-VLHO,World,Space heating,technology mix,Fossil boilers,2070,1.11308219,EJ/yr,IMAGE 3.4_SSP2_VLHO.xlsx,Final Energy|Residential|Space Heating|Coal; Final Energy|Residential|Space Heating|Liquid (fossil); Final Energy|Residential|Space Heating|Natural Gas; Final Energy|Commercial|Space Heating|Gases; Final Energy|Commercial|Space Heating|Liquids,Sum residential and commercial delivered-energy carriers; electricity is a technology proxy that includes heat pumps and resistance heating.
IMAGE,3.4,SSP2-VLHO,World,Space heating,technology mix,Bioenergy,2070,1.66809408,EJ/yr,IMAGE 3.4_SSP2_VLHO.xlsx,Final Energy|Residential|Space Heating|Modern Biomass; Final Energy|Residential|Space Heating|Traditional Biomass,Sum residential and commercial delivered-energy carriers; electricity is a technology proxy that includes heat pumps and resistance heating.
IMAGE,3.4,SSP2-VLHO,World,Space heating,technology mix,Hydrogen,2070,0.00000000,EJ/yr,IMAGE 3.4_SSP2_VLHO.xlsx,Final Energy|Residential|Space Heating|Hydrogen; Final Energy|Commercial|Space Heating|Hydrogen,Sum residential and commercial delivered-energy carriers; electricity is a technology proxy that includes heat pumps and resistance heating.
IMAGE,3.4,SSP2-VLHO,World,Passenger cars,specific energy,Specific energy use,2070,0.34254489,MJ/pkm,IMAGE 3.4_SSP2_VLHO.xlsx,Final Energy|Transportation|Passenger|Light Duty Vehicle / Energy Service|Transportation|Passenger|Road|Light-Duty Vehicle,"EJ/yr divided by billion pkm/yr, converted to MJ/pkm."
IMAGE,3.4,SSP2-VLHO,World,Cement,specific energy,Specific energy use,2070,4.07809171,GJ/t cement (sector proxy),IMAGE 3.4_SSP2_VLHO.xlsx,Final Energy|Industry|Non-Metallic Minerals / summed Cement pathway output,"EJ/yr divided by Mt cement/yr, converted to GJ/t; numerator covers the wider non-metallic-minerals sector."
IMAGE,3.4,SSP2-VLHO,World,Steel,specific energy,Specific energy use,2070,8.23084915,GJ/t crude steel,IMAGE 3.4_SSP2_VLHO.xlsx,Final Energy|Industry|Iron and Steel / Production|Industry|Iron and Steel|Crude Steel,"EJ/yr divided by Mt crude steel/yr, converted to GJ/t."
IMAGE,3.4,SSP2-VLHO,World,Space heating,specific energy,Specific energy use,2070,1.54655716,GJ/person,IMAGE 3.4_SSP2_VLHO.xlsx,(Final Energy|Residential|Space Heating + Final Energy|Commercial|Space Heating) / Population,"EJ/yr divided by million people, converted to GJ/person; floor area and useful heat are not reported."
IMAGE,3.4,SSP2-VLHO,World,Passenger cars,context total,Passenger-kilometres,2070,57508.22830200,billion pkm/yr,IMAGE 3.4_SSP2_VLHO.xlsx,Energy Service|Transportation|Passenger|Road|Light-Duty Vehicle,Direct IMAGE value or explicitly stated sum.
IMAGE,3.4,SSP2-VLHO,World,Cement,context total,Cement output,2070,3086.83106064,Mt/yr,IMAGE 3.4_SSP2_VLHO.xlsx,Summed Cement pathway output,Direct IMAGE value or explicitly stated sum.
IMAGE,3.4,SSP2-VLHO,World,Steel,context total,Crude-steel output,2070,2827.10693359,Mt/yr,IMAGE 3.4_SSP2_VLHO.xlsx,Production|Industry|Iron and Steel|Crude Steel,Direct IMAGE value or explicitly stated sum.
IMAGE,3.4,SSP2-VLHO,World,Space heating,context total,Delivered space-heating energy,2070,15.70276726,EJ/yr,IMAGE 3.4_SSP2_VLHO.xlsx,Final Energy|Residential|Space Heating + Final Energy|Commercial|Space Heating,Direct IMAGE value or explicitly stated sum.
IMAGE,3.4,SSP2-VLHO,World,Space heating,technology mix,Electric heating,2080,8.11831585,EJ/yr,IMAGE 3.4_SSP2_VLHO.xlsx,Final Energy|Residential|Space Heating|Electricity; Final Energy|Commercial|Space Heating|Electricity,Sum residential and commercial delivered-energy carriers; electricity is a technology proxy that includes heat pumps and resistance heating.
IMAGE,3.4,SSP2-VLHO,World,Space heating,technology mix,District heat,2080,4.13334199,EJ/yr,IMAGE 3.4_SSP2_VLHO.xlsx,Final Energy|Residential|Space Heating|Heat; Final Energy|Commercial|Space Heating|Heat,Sum residential and commercial delivered-energy carriers; electricity is a technology proxy that includes heat pumps and resistance heating.
IMAGE,3.4,SSP2-VLHO,World,Space heating,technology mix,Fossil boilers,2080,0.06159771,EJ/yr,IMAGE 3.4_SSP2_VLHO.xlsx,Final Energy|Residential|Space Heating|Coal; Final Energy|Residential|Space Heating|Liquid (fossil); Final Energy|Residential|Space Heating|Natural Gas; Final Energy|Commercial|Space Heating|Gases; Final Energy|Commercial|Space Heating|Liquids,Sum residential and commercial delivered-energy carriers; electricity is a technology proxy that includes heat pumps and resistance heating.
IMAGE,3.4,SSP2-VLHO,World,Space heating,technology mix,Bioenergy,2080,1.69900975,EJ/yr,IMAGE 3.4_SSP2_VLHO.xlsx,Final Energy|Residential|Space Heating|Modern Biomass; Final Energy|Residential|Space Heating|Traditional Biomass,Sum residential and commercial delivered-energy carriers; electricity is a technology proxy that includes heat pumps and resistance heating.
IMAGE,3.4,SSP2-VLHO,World,Space heating,technology mix,Hydrogen,2080,0.00000000,EJ/yr,IMAGE 3.4_SSP2_VLHO.xlsx,Final Energy|Residential|Space Heating|Hydrogen; Final Energy|Commercial|Space Heating|Hydrogen,Sum residential and commercial delivered-energy carriers; electricity is a technology proxy that includes heat pumps and resistance heating.
IMAGE,3.4,SSP2-VLHO,World,Passenger cars,specific energy,Specific energy use,2080,0.34544517,MJ/pkm,IMAGE 3.4_SSP2_VLHO.xlsx,Final Energy|Transportation|Passenger|Light Duty Vehicle / Energy Service|Transportation|Passenger|Road|Light-Duty Vehicle,"EJ/yr divided by billion pkm/yr, converted to MJ/pkm."
IMAGE,3.4,SSP2-VLHO,World,Cement,specific energy,Specific energy use,2080,3.84919254,GJ/t cement (sector proxy),IMAGE 3.4_SSP2_VLHO.xlsx,Final Energy|Industry|Non-Metallic Minerals / summed Cement pathway output,"EJ/yr divided by Mt cement/yr, converted to GJ/t; numerator covers the wider non-metallic-minerals sector."
IMAGE,3.4,SSP2-VLHO,World,Steel,specific energy,Specific energy use,2080,7.93593137,GJ/t crude steel,IMAGE 3.4_SSP2_VLHO.xlsx,Final Energy|Industry|Iron and Steel / Production|Industry|Iron and Steel|Crude Steel,"EJ/yr divided by Mt crude steel/yr, converted to GJ/t."
IMAGE,3.4,SSP2-VLHO,World,Space heating,specific energy,Specific energy use,2080,1.37393622,GJ/person,IMAGE 3.4_SSP2_VLHO.xlsx,(Final Energy|Residential|Space Heating + Final Energy|Commercial|Space Heating) / Population,"EJ/yr divided by million people, converted to GJ/person; floor area and useful heat are not reported."
IMAGE,3.4,SSP2-VLHO,World,Passenger cars,context total,Passenger-kilometres,2080,69683.12835693,billion pkm/yr,IMAGE 3.4_SSP2_VLHO.xlsx,Energy Service|Transportation|Passenger|Road|Light-Duty Vehicle,Direct IMAGE value or explicitly stated sum.
IMAGE,3.4,SSP2-VLHO,World,Cement,context total,Cement output,2080,3195.03118072,Mt/yr,IMAGE 3.4_SSP2_VLHO.xlsx,Summed Cement pathway output,Direct IMAGE value or explicitly stated sum.
IMAGE,3.4,SSP2-VLHO,World,Steel,context total,Crude-steel output,2080,2932.38793945,Mt/yr,IMAGE 3.4_SSP2_VLHO.xlsx,Production|Industry|Iron and Steel|Crude Steel,Direct IMAGE value or explicitly stated sum.
IMAGE,3.4,SSP2-VLHO,World,Space heating,context total,Delivered space-heating energy,2080,14.01226700,EJ/yr,IMAGE 3.4_SSP2_VLHO.xlsx,Final Energy|Residential|Space Heating + Final Energy|Commercial|Space Heating,Direct IMAGE value or explicitly stated sum.
IMAGE,3.4,SSP2-VLHO,World,Space heating,technology mix,Electric heating,2090,8.13779699,EJ/yr,IMAGE 3.4_SSP2_VLHO.xlsx,Final Energy|Residential|Space Heating|Electricity; Final Energy|Commercial|Space Heating|Electricity,Sum residential and commercial delivered-energy carriers; electricity is a technology proxy that includes heat pumps and resistance heating.
IMAGE,3.4,SSP2-VLHO,World,Space heating,technology mix,District heat,2090,2.99173908,EJ/yr,IMAGE 3.4_SSP2_VLHO.xlsx,Final Energy|Residential|Space Heating|Heat; Final Energy|Commercial|Space Heating|Heat,Sum residential and commercial delivered-energy carriers; electricity is a technology proxy that includes heat pumps and resistance heating.
IMAGE,3.4,SSP2-VLHO,World,Space heating,technology mix,Fossil boilers,2090,0.00489982,EJ/yr,IMAGE 3.4_SSP2_VLHO.xlsx,Final Energy|Residential|Space Heating|Coal; Final Energy|Residential|Space Heating|Liquid (fossil); Final Energy|Residential|Space Heating|Natural Gas; Final Energy|Commercial|Space Heating|Gases; Final Energy|Commercial|Space Heating|Liquids,Sum residential and commercial delivered-energy carriers; electricity is a technology proxy that includes heat pumps and resistance heating.
IMAGE,3.4,SSP2-VLHO,World,Space heating,technology mix,Bioenergy,2090,1.57237255,EJ/yr,IMAGE 3.4_SSP2_VLHO.xlsx,Final Energy|Residential|Space Heating|Modern Biomass; Final Energy|Residential|Space Heating|Traditional Biomass,Sum residential and commercial delivered-energy carriers; electricity is a technology proxy that includes heat pumps and resistance heating.
IMAGE,3.4,SSP2-VLHO,World,Space heating,technology mix,Hydrogen,2090,0.00000000,EJ/yr,IMAGE 3.4_SSP2_VLHO.xlsx,Final Energy|Residential|Space Heating|Hydrogen; Final Energy|Commercial|Space Heating|Hydrogen,Sum residential and commercial delivered-energy carriers; electricity is a technology proxy that includes heat pumps and resistance heating.
IMAGE,3.4,SSP2-VLHO,World,Passenger cars,specific energy,Specific energy use,2090,0.34558457,MJ/pkm,IMAGE 3.4_SSP2_VLHO.xlsx,Final Energy|Transportation|Passenger|Light Duty Vehicle / Energy Service|Transportation|Passenger|Road|Light-Duty Vehicle,"EJ/yr divided by billion pkm/yr, converted to MJ/pkm."
IMAGE,3.4,SSP2-VLHO,World,Cement,specific energy,Specific energy use,2090,3.76141714,GJ/t cement (sector proxy),IMAGE 3.4_SSP2_VLHO.xlsx,Final Energy|Industry|Non-Metallic Minerals / summed Cement pathway output,"EJ/yr divided by Mt cement/yr, converted to GJ/t; numerator covers the wider non-metallic-minerals sector."
IMAGE,3.4,SSP2-VLHO,World,Steel,specific energy,Specific energy use,2090,7.80746105,GJ/t crude steel,IMAGE 3.4_SSP2_VLHO.xlsx,Final Energy|Industry|Iron and Steel / Production|Industry|Iron and Steel|Crude Steel,"EJ/yr divided by Mt crude steel/yr, converted to GJ/t."
IMAGE,3.4,SSP2-VLHO,World,Space heating,specific energy,Specific energy use,2090,1.25513721,GJ/person,IMAGE 3.4_SSP2_VLHO.xlsx,(Final Energy|Residential|Space Heating + Final Energy|Commercial|Space Heating) / Population,"EJ/yr divided by million people, converted to GJ/person; floor area and useful heat are not reported."
IMAGE,3.4,SSP2-VLHO,World,Passenger cars,context total,Passenger-kilometres,2090,81693.55010986,billion pkm/yr,IMAGE 3.4_SSP2_VLHO.xlsx,Energy Service|Transportation|Passenger|Road|Light-Duty Vehicle,Direct IMAGE value or explicitly stated sum.
IMAGE,3.4,SSP2-VLHO,World,Cement,context total,Cement output,2090,3172.79621408,Mt/yr,IMAGE 3.4_SSP2_VLHO.xlsx,Summed Cement pathway output,Direct IMAGE value or explicitly stated sum.
IMAGE,3.4,SSP2-VLHO,World,Steel,context total,Crude-steel output,2090,2997.30590820,Mt/yr,IMAGE 3.4_SSP2_VLHO.xlsx,Production|Industry|Iron and Steel|Crude Steel,Direct IMAGE value or explicitly stated sum.
IMAGE,3.4,SSP2-VLHO,World,Space heating,context total,Delivered space-heating energy,2090,12.70680813,EJ/yr,IMAGE 3.4_SSP2_VLHO.xlsx,Final Energy|Residential|Space Heating + Final Energy|Commercial|Space Heating,Direct IMAGE value or explicitly stated sum.
IMAGE,3.4,SSP2-VLHO,World,Space heating,technology mix,Electric heating,2100,7.91932903,EJ/yr,IMAGE 3.4_SSP2_VLHO.xlsx,Final Energy|Residential|Space Heating|Electricity; Final Energy|Commercial|Space Heating|Electricity,Sum residential and commercial delivered-energy carriers; electricity is a technology proxy that includes heat pumps and resistance heating.
IMAGE,3.4,SSP2-VLHO,World,Space heating,technology mix,District heat,2100,2.00194897,EJ/yr,IMAGE 3.4_SSP2_VLHO.xlsx,Final Energy|Residential|Space Heating|Heat; Final Energy|Commercial|Space Heating|Heat,Sum residential and commercial delivered-energy carriers; electricity is a technology proxy that includes heat pumps and resistance heating.
IMAGE,3.4,SSP2-VLHO,World,Space heating,technology mix,Fossil boilers,2100,0.00306789,EJ/yr,IMAGE 3.4_SSP2_VLHO.xlsx,Final Energy|Residential|Space Heating|Coal; Final Energy|Residential|Space Heating|Liquid (fossil); Final Energy|Residential|Space Heating|Natural Gas; Final Energy|Commercial|Space Heating|Gases; Final Energy|Commercial|Space Heating|Liquids,Sum residential and commercial delivered-energy carriers; electricity is a technology proxy that includes heat pumps and resistance heating.
IMAGE,3.4,SSP2-VLHO,World,Space heating,technology mix,Bioenergy,2100,1.37890098,EJ/yr,IMAGE 3.4_SSP2_VLHO.xlsx,Final Energy|Residential|Space Heating|Modern Biomass; Final Energy|Residential|Space Heating|Traditional Biomass,Sum residential and commercial delivered-energy carriers; electricity is a technology proxy that includes heat pumps and resistance heating.
IMAGE,3.4,SSP2-VLHO,World,Space heating,technology mix,Hydrogen,2100,0.00000000,EJ/yr,IMAGE 3.4_SSP2_VLHO.xlsx,Final Energy|Residential|Space Heating|Hydrogen; Final Energy|Commercial|Space Heating|Hydrogen,Sum residential and commercial delivered-energy carriers; electricity is a technology proxy that includes heat pumps and resistance heating.
IMAGE,3.4,SSP2-VLHO,World,Passenger cars,specific energy,Specific energy use,2100,0.35585074,MJ/pkm,IMAGE 3.4_SSP2_VLHO.xlsx,Final Energy|Transportation|Passenger|Light Duty Vehicle / Energy Service|Transportation|Passenger|Road|Light-Duty Vehicle,"EJ/yr divided by billion pkm/yr, converted to MJ/pkm."
IMAGE,3.4,SSP2-VLHO,World,Cement,specific energy,Specific energy use,2100,3.75285556,GJ/t cement (sector proxy),IMAGE 3.4_SSP2_VLHO.xlsx,Final Energy|Industry|Non-Metallic Minerals / summed Cement pathway output,"EJ/yr divided by Mt cement/yr, converted to GJ/t; numerator covers the wider non-metallic-minerals sector."
IMAGE,3.4,SSP2-VLHO,World,Steel,specific energy,Specific energy use,2100,7.65136661,GJ/t crude steel,IMAGE 3.4_SSP2_VLHO.xlsx,Final Energy|Industry|Iron and Steel / Production|Industry|Iron and Steel|Crude Steel,"EJ/yr divided by Mt crude steel/yr, converted to GJ/t."
IMAGE,3.4,SSP2-VLHO,World,Space heating,specific energy,Specific energy use,2100,1.13514687,GJ/person,IMAGE 3.4_SSP2_VLHO.xlsx,(Final Energy|Residential|Space Heating + Final Energy|Commercial|Space Heating) / Population,"EJ/yr divided by million people, converted to GJ/person; floor area and useful heat are not reported."
IMAGE,3.4,SSP2-VLHO,World,Passenger cars,context total,Passenger-kilometres,2100,93790.84014893,billion pkm/yr,IMAGE 3.4_SSP2_VLHO.xlsx,Energy Service|Transportation|Passenger|Road|Light-Duty Vehicle,Direct IMAGE value or explicitly stated sum.
IMAGE,3.4,SSP2-VLHO,World,Cement,context total,Cement output,2100,3179.38697955,Mt/yr,IMAGE 3.4_SSP2_VLHO.xlsx,Summed Cement pathway output,Direct IMAGE value or explicitly stated sum.
IMAGE,3.4,SSP2-VLHO,World,Steel,context total,Crude-steel output,2100,3032.66992188,Mt/yr,IMAGE 3.4_SSP2_VLHO.xlsx,Production|Industry|Iron and Steel|Crude Steel,Direct IMAGE value or explicitly stated sum.
IMAGE,3.4,SSP2-VLHO,World,Space heating,context total,Delivered space-heating energy,2100,11.30324709,EJ/yr,IMAGE 3.4_SSP2_VLHO.xlsx,Final Energy|Residential|Space Heating + Final Energy|Commercial|Space Heating,Direct IMAGE value or explicitly stated sum.
