model,model_version,scenario,region,year,stage,group,value,unit,source_regions,source_variables,source_file_id
IMAGE,3.4,SSP2-VLHO,Europe (WEU + CEU),2020,Primary input to electricity,Fossil,9.998249,EJ/yr,WEU; CEU,Primary Energy|Coal|Electricity; Primary Energy|Gas|Electricity; Primary Energy|Oil|Electricity,IMAGE 3.4_SSP2_VLHO.xlsx
IMAGE,3.4,SSP2-VLHO,Europe (WEU + CEU),2030,Primary input to electricity,Fossil,8.125763,EJ/yr,WEU; CEU,Primary Energy|Coal|Electricity; Primary Energy|Gas|Electricity; Primary Energy|Oil|Electricity,IMAGE 3.4_SSP2_VLHO.xlsx
IMAGE,3.4,SSP2-VLHO,Europe (WEU + CEU),2040,Primary input to electricity,Fossil,1.033585,EJ/yr,WEU; CEU,Primary Energy|Coal|Electricity; Primary Energy|Gas|Electricity; Primary Energy|Oil|Electricity,IMAGE 3.4_SSP2_VLHO.xlsx
IMAGE,3.4,SSP2-VLHO,Europe (WEU + CEU),2050,Primary input to electricity,Fossil,1.738218,EJ/yr,WEU; CEU,Primary Energy|Coal|Electricity; Primary Energy|Gas|Electricity; Primary Energy|Oil|Electricity,IMAGE 3.4_SSP2_VLHO.xlsx
IMAGE,3.4,SSP2-VLHO,Europe (WEU + CEU),2060,Primary input to electricity,Fossil,4.591991,EJ/yr,WEU; CEU,Primary Energy|Coal|Electricity; Primary Energy|Gas|Electricity; Primary Energy|Oil|Electricity,IMAGE 3.4_SSP2_VLHO.xlsx
IMAGE,3.4,SSP2-VLHO,Europe (WEU + CEU),2070,Primary input to electricity,Fossil,4.935796,EJ/yr,WEU; CEU,Primary Energy|Coal|Electricity; Primary Energy|Gas|Electricity; Primary Energy|Oil|Electricity,IMAGE 3.4_SSP2_VLHO.xlsx
IMAGE,3.4,SSP2-VLHO,Europe (WEU + CEU),2080,Primary input to electricity,Fossil,4.427121,EJ/yr,WEU; CEU,Primary Energy|Coal|Electricity; Primary Energy|Gas|Electricity; Primary Energy|Oil|Electricity,IMAGE 3.4_SSP2_VLHO.xlsx
IMAGE,3.4,SSP2-VLHO,Europe (WEU + CEU),2090,Primary input to electricity,Fossil,3.917329,EJ/yr,WEU; CEU,Primary Energy|Coal|Electricity; Primary Energy|Gas|Electricity; Primary Energy|Oil|Electricity,IMAGE 3.4_SSP2_VLHO.xlsx
IMAGE,3.4,SSP2-VLHO,Europe (WEU + CEU),2100,Primary input to electricity,Fossil,3.698126,EJ/yr,WEU; CEU,Primary Energy|Coal|Electricity; Primary Energy|Gas|Electricity; Primary Energy|Oil|Electricity,IMAGE 3.4_SSP2_VLHO.xlsx
IMAGE,3.4,SSP2-VLHO,Europe (WEU + CEU),2020,Primary input to electricity,Biomass,2.486093,EJ/yr,WEU; CEU,Primary Energy|Biomass|Electricity,IMAGE 3.4_SSP2_VLHO.xlsx
IMAGE,3.4,SSP2-VLHO,Europe (WEU + CEU),2030,Primary input to electricity,Biomass,3.652704,EJ/yr,WEU; CEU,Primary Energy|Biomass|Electricity,IMAGE 3.4_SSP2_VLHO.xlsx
IMAGE,3.4,SSP2-VLHO,Europe (WEU + CEU),2040,Primary input to electricity,Biomass,0.897276,EJ/yr,WEU; CEU,Primary Energy|Biomass|Electricity,IMAGE 3.4_SSP2_VLHO.xlsx
IMAGE,3.4,SSP2-VLHO,Europe (WEU + CEU),2050,Primary input to electricity,Biomass,2.792343,EJ/yr,WEU; CEU,Primary Energy|Biomass|Electricity,IMAGE 3.4_SSP2_VLHO.xlsx
IMAGE,3.4,SSP2-VLHO,Europe (WEU + CEU),2060,Primary input to electricity,Biomass,5.763389,EJ/yr,WEU; CEU,Primary Energy|Biomass|Electricity,IMAGE 3.4_SSP2_VLHO.xlsx
IMAGE,3.4,SSP2-VLHO,Europe (WEU + CEU),2070,Primary input to electricity,Biomass,8.561305,EJ/yr,WEU; CEU,Primary Energy|Biomass|Electricity,IMAGE 3.4_SSP2_VLHO.xlsx
IMAGE,3.4,SSP2-VLHO,Europe (WEU + CEU),2080,Primary input to electricity,Biomass,8.869275,EJ/yr,WEU; CEU,Primary Energy|Biomass|Electricity,IMAGE 3.4_SSP2_VLHO.xlsx
IMAGE,3.4,SSP2-VLHO,Europe (WEU + CEU),2090,Primary input to electricity,Biomass,9.280146,EJ/yr,WEU; CEU,Primary Energy|Biomass|Electricity,IMAGE 3.4_SSP2_VLHO.xlsx
IMAGE,3.4,SSP2-VLHO,Europe (WEU + CEU),2100,Primary input to electricity,Biomass,7.354016,EJ/yr,WEU; CEU,Primary Energy|Biomass|Electricity,IMAGE 3.4_SSP2_VLHO.xlsx
IMAGE,3.4,SSP2-VLHO,Europe (WEU + CEU),2020,Primary input to electricity,Nuclear + hydro,4.777224,EJ/yr,WEU; CEU,Primary Energy|Nuclear; Primary Energy|Hydro,IMAGE 3.4_SSP2_VLHO.xlsx
IMAGE,3.4,SSP2-VLHO,Europe (WEU + CEU),2030,Primary input to electricity,Nuclear + hydro,5.170964,EJ/yr,WEU; CEU,Primary Energy|Nuclear; Primary Energy|Hydro,IMAGE 3.4_SSP2_VLHO.xlsx
IMAGE,3.4,SSP2-VLHO,Europe (WEU + CEU),2040,Primary input to electricity,Nuclear + hydro,4.197898,EJ/yr,WEU; CEU,Primary Energy|Nuclear; Primary Energy|Hydro,IMAGE 3.4_SSP2_VLHO.xlsx
IMAGE,3.4,SSP2-VLHO,Europe (WEU + CEU),2050,Primary input to electricity,Nuclear + hydro,1.371191,EJ/yr,WEU; CEU,Primary Energy|Nuclear; Primary Energy|Hydro,IMAGE 3.4_SSP2_VLHO.xlsx
IMAGE,3.4,SSP2-VLHO,Europe (WEU + CEU),2060,Primary input to electricity,Nuclear + hydro,2.575991,EJ/yr,WEU; CEU,Primary Energy|Nuclear; Primary Energy|Hydro,IMAGE 3.4_SSP2_VLHO.xlsx
IMAGE,3.4,SSP2-VLHO,Europe (WEU + CEU),2070,Primary input to electricity,Nuclear + hydro,3.410920,EJ/yr,WEU; CEU,Primary Energy|Nuclear; Primary Energy|Hydro,IMAGE 3.4_SSP2_VLHO.xlsx
IMAGE,3.4,SSP2-VLHO,Europe (WEU + CEU),2080,Primary input to electricity,Nuclear + hydro,2.522784,EJ/yr,WEU; CEU,Primary Energy|Nuclear; Primary Energy|Hydro,IMAGE 3.4_SSP2_VLHO.xlsx
IMAGE,3.4,SSP2-VLHO,Europe (WEU + CEU),2090,Primary input to electricity,Nuclear + hydro,2.787470,EJ/yr,WEU; CEU,Primary Energy|Nuclear; Primary Energy|Hydro,IMAGE 3.4_SSP2_VLHO.xlsx
IMAGE,3.4,SSP2-VLHO,Europe (WEU + CEU),2100,Primary input to electricity,Nuclear + hydro,2.356865,EJ/yr,WEU; CEU,Primary Energy|Nuclear; Primary Energy|Hydro,IMAGE 3.4_SSP2_VLHO.xlsx
IMAGE,3.4,SSP2-VLHO,Europe (WEU + CEU),2020,Primary input to electricity,Wind + solar,2.326647,EJ/yr,WEU; CEU,Primary Energy|Wind; Primary Energy|Solar,IMAGE 3.4_SSP2_VLHO.xlsx
IMAGE,3.4,SSP2-VLHO,Europe (WEU + CEU),2030,Primary input to electricity,Wind + solar,5.117978,EJ/yr,WEU; CEU,Primary Energy|Wind; Primary Energy|Solar,IMAGE 3.4_SSP2_VLHO.xlsx
IMAGE,3.4,SSP2-VLHO,Europe (WEU + CEU),2040,Primary input to electricity,Wind + solar,12.993759,EJ/yr,WEU; CEU,Primary Energy|Wind; Primary Energy|Solar,IMAGE 3.4_SSP2_VLHO.xlsx
IMAGE,3.4,SSP2-VLHO,Europe (WEU + CEU),2050,Primary input to electricity,Wind + solar,18.941553,EJ/yr,WEU; CEU,Primary Energy|Wind; Primary Energy|Solar,IMAGE 3.4_SSP2_VLHO.xlsx
IMAGE,3.4,SSP2-VLHO,Europe (WEU + CEU),2060,Primary input to electricity,Wind + solar,17.660946,EJ/yr,WEU; CEU,Primary Energy|Wind; Primary Energy|Solar,IMAGE 3.4_SSP2_VLHO.xlsx
IMAGE,3.4,SSP2-VLHO,Europe (WEU + CEU),2070,Primary input to electricity,Wind + solar,18.466628,EJ/yr,WEU; CEU,Primary Energy|Wind; Primary Energy|Solar,IMAGE 3.4_SSP2_VLHO.xlsx
IMAGE,3.4,SSP2-VLHO,Europe (WEU + CEU),2080,Primary input to electricity,Wind + solar,22.234009,EJ/yr,WEU; CEU,Primary Energy|Wind; Primary Energy|Solar,IMAGE 3.4_SSP2_VLHO.xlsx
IMAGE,3.4,SSP2-VLHO,Europe (WEU + CEU),2090,Primary input to electricity,Wind + solar,22.250669,EJ/yr,WEU; CEU,Primary Energy|Wind; Primary Energy|Solar,IMAGE 3.4_SSP2_VLHO.xlsx
IMAGE,3.4,SSP2-VLHO,Europe (WEU + CEU),2100,Primary input to electricity,Wind + solar,23.919467,EJ/yr,WEU; CEU,Primary Energy|Wind; Primary Energy|Solar,IMAGE 3.4_SSP2_VLHO.xlsx
IMAGE,3.4,SSP2-VLHO,Europe (WEU + CEU),2020,Secondary electricity,Electricity output,12.163676,EJ/yr,WEU; CEU,Secondary Energy|Electricity|Biomass; Secondary Energy|Electricity|Coal; Secondary Energy|Electricity|Gas; Secondary Energy|Electricity|Geothermal; Secondary Energy|Electricity|Hydro; Secondary Energy|Electricity|Hydrogen; Secondary Energy|Electricity|Nuclear; Secondary Energy|Electricity|Oil; Secondary Energy|Electricity|Other; Secondary Energy|Electricity|Solar|CSP; Secondary Energy|Electricity|Solar|PV|1; Secondary Energy|Electricity|Solar|PV|2; Secondary Energy|Electricity|Storage; Secondary Energy|Electricity|Wave; Secondary Energy|Electricity|Wind|1; Secondary Energy|Electricity|Wind|2,IMAGE 3.4_SSP2_VLHO.xlsx
IMAGE,3.4,SSP2-VLHO,Europe (WEU + CEU),2030,Secondary electricity,Electricity output,15.194999,EJ/yr,WEU; CEU,Secondary Energy|Electricity|Biomass; Secondary Energy|Electricity|Coal; Secondary Energy|Electricity|Gas; Secondary Energy|Electricity|Geothermal; Secondary Energy|Electricity|Hydro; Secondary Energy|Electricity|Hydrogen; Secondary Energy|Electricity|Nuclear; Secondary Energy|Electricity|Oil; Secondary Energy|Electricity|Other; Secondary Energy|Electricity|Solar|CSP; Secondary Energy|Electricity|Solar|PV|1; Secondary Energy|Electricity|Solar|PV|2; Secondary Energy|Electricity|Storage; Secondary Energy|Electricity|Wave; Secondary Energy|Electricity|Wind|1; Secondary Energy|Electricity|Wind|2,IMAGE 3.4_SSP2_VLHO.xlsx
IMAGE,3.4,SSP2-VLHO,Europe (WEU + CEU),2040,Secondary electricity,Electricity output,18.330873,EJ/yr,WEU; CEU,Secondary Energy|Electricity|Biomass; Secondary Energy|Electricity|Coal; Secondary Energy|Electricity|Gas; Secondary Energy|Electricity|Geothermal; Secondary Energy|Electricity|Hydro; Secondary Energy|Electricity|Hydrogen; Secondary Energy|Electricity|Nuclear; Secondary Energy|Electricity|Oil; Secondary Energy|Electricity|Other; Secondary Energy|Electricity|Solar|CSP; Secondary Energy|Electricity|Solar|PV|1; Secondary Energy|Electricity|Solar|PV|2; Secondary Energy|Electricity|Storage; Secondary Energy|Electricity|Wave; Secondary Energy|Electricity|Wind|1; Secondary Energy|Electricity|Wind|2,IMAGE 3.4_SSP2_VLHO.xlsx
IMAGE,3.4,SSP2-VLHO,Europe (WEU + CEU),2050,Secondary electricity,Electricity output,19.080833,EJ/yr,WEU; CEU,Secondary Energy|Electricity|Biomass; Secondary Energy|Electricity|Coal; Secondary Energy|Electricity|Gas; Secondary Energy|Electricity|Geothermal; Secondary Energy|Electricity|Hydro; Secondary Energy|Electricity|Hydrogen; Secondary Energy|Electricity|Nuclear; Secondary Energy|Electricity|Oil; Secondary Energy|Electricity|Other; Secondary Energy|Electricity|Solar|CSP; Secondary Energy|Electricity|Solar|PV|1; Secondary Energy|Electricity|Solar|PV|2; Secondary Energy|Electricity|Storage; Secondary Energy|Electricity|Wave; Secondary Energy|Electricity|Wind|1; Secondary Energy|Electricity|Wind|2,IMAGE 3.4_SSP2_VLHO.xlsx
IMAGE,3.4,SSP2-VLHO,Europe (WEU + CEU),2060,Secondary electricity,Electricity output,23.014061,EJ/yr,WEU; CEU,Secondary Energy|Electricity|Biomass; Secondary Energy|Electricity|Coal; Secondary Energy|Electricity|Gas; Secondary Energy|Electricity|Geothermal; Secondary Energy|Electricity|Hydro; Secondary Energy|Electricity|Hydrogen; Secondary Energy|Electricity|Nuclear; Secondary Energy|Electricity|Oil; Secondary Energy|Electricity|Other; Secondary Energy|Electricity|Solar|CSP; Secondary Energy|Electricity|Solar|PV|1; Secondary Energy|Electricity|Solar|PV|2; Secondary Energy|Electricity|Storage; Secondary Energy|Electricity|Wave; Secondary Energy|Electricity|Wind|1; Secondary Energy|Electricity|Wind|2,IMAGE 3.4_SSP2_VLHO.xlsx
IMAGE,3.4,SSP2-VLHO,Europe (WEU + CEU),2070,Secondary electricity,Electricity output,26.108008,EJ/yr,WEU; CEU,Secondary Energy|Electricity|Biomass; Secondary Energy|Electricity|Coal; Secondary Energy|Electricity|Gas; Secondary Energy|Electricity|Geothermal; Secondary Energy|Electricity|Hydro; Secondary Energy|Electricity|Hydrogen; Secondary Energy|Electricity|Nuclear; Secondary Energy|Electricity|Oil; Secondary Energy|Electricity|Other; Secondary Energy|Electricity|Solar|CSP; Secondary Energy|Electricity|Solar|PV|1; Secondary Energy|Electricity|Solar|PV|2; Secondary Energy|Electricity|Storage; Secondary Energy|Electricity|Wave; Secondary Energy|Electricity|Wind|1; Secondary Energy|Electricity|Wind|2,IMAGE 3.4_SSP2_VLHO.xlsx
IMAGE,3.4,SSP2-VLHO,Europe (WEU + CEU),2080,Secondary electricity,Electricity output,28.297192,EJ/yr,WEU; CEU,Secondary Energy|Electricity|Biomass; Secondary Energy|Electricity|Coal; Secondary Energy|Electricity|Gas; Secondary Energy|Electricity|Geothermal; Secondary Energy|Electricity|Hydro; Secondary Energy|Electricity|Hydrogen; Secondary Energy|Electricity|Nuclear; Secondary Energy|Electricity|Oil; Secondary Energy|Electricity|Other; Secondary Energy|Electricity|Solar|CSP; Secondary Energy|Electricity|Solar|PV|1; Secondary Energy|Electricity|Solar|PV|2; Secondary Energy|Electricity|Storage; Secondary Energy|Electricity|Wave; Secondary Energy|Electricity|Wind|1; Secondary Energy|Electricity|Wind|2,IMAGE 3.4_SSP2_VLHO.xlsx
IMAGE,3.4,SSP2-VLHO,Europe (WEU + CEU),2090,Secondary electricity,Electricity output,28.778653,EJ/yr,WEU; CEU,Secondary Energy|Electricity|Biomass; Secondary Energy|Electricity|Coal; Secondary Energy|Electricity|Gas; Secondary Energy|Electricity|Geothermal; Secondary Energy|Electricity|Hydro; Secondary Energy|Electricity|Hydrogen; Secondary Energy|Electricity|Nuclear; Secondary Energy|Electricity|Oil; Secondary Energy|Electricity|Other; Secondary Energy|Electricity|Solar|CSP; Secondary Energy|Electricity|Solar|PV|1; Secondary Energy|Electricity|Solar|PV|2; Secondary Energy|Electricity|Storage; Secondary Energy|Electricity|Wave; Secondary Energy|Electricity|Wind|1; Secondary Energy|Electricity|Wind|2,IMAGE 3.4_SSP2_VLHO.xlsx
IMAGE,3.4,SSP2-VLHO,Europe (WEU + CEU),2100,Secondary electricity,Electricity output,29.115091,EJ/yr,WEU; CEU,Secondary Energy|Electricity|Biomass; Secondary Energy|Electricity|Coal; Secondary Energy|Electricity|Gas; Secondary Energy|Electricity|Geothermal; Secondary Energy|Electricity|Hydro; Secondary Energy|Electricity|Hydrogen; Secondary Energy|Electricity|Nuclear; Secondary Energy|Electricity|Oil; Secondary Energy|Electricity|Other; Secondary Energy|Electricity|Solar|CSP; Secondary Energy|Electricity|Solar|PV|1; Secondary Energy|Electricity|Solar|PV|2; Secondary Energy|Electricity|Storage; Secondary Energy|Electricity|Wave; Secondary Energy|Electricity|Wind|1; Secondary Energy|Electricity|Wind|2,IMAGE 3.4_SSP2_VLHO.xlsx
IMAGE,3.4,SSP2-VLHO,Europe (WEU + CEU),2020,Final electricity,Passenger transport,0.322646,EJ/yr,WEU; CEU,Final Energy|Transportation|Passenger|Bus|Electricity; Final Energy|Transportation|Passenger|Domestic Aviation|Electricity; Final Energy|Transportation|Passenger|International Aviation|Electricity; Final Energy|Transportation|Passenger|Light Duty Vehicle|Electricity; Final Energy|Transportation|Passenger|Rail (high speed)|Electricity; Final Energy|Transportation|Passenger|Rail (low speed)|Electricity,IMAGE 3.4_SSP2_VLHO.xlsx
IMAGE,3.4,SSP2-VLHO,Europe (WEU + CEU),2030,Final electricity,Passenger transport,0.915811,EJ/yr,WEU; CEU,Final Energy|Transportation|Passenger|Bus|Electricity; Final Energy|Transportation|Passenger|Domestic Aviation|Electricity; Final Energy|Transportation|Passenger|International Aviation|Electricity; Final Energy|Transportation|Passenger|Light Duty Vehicle|Electricity; Final Energy|Transportation|Passenger|Rail (high speed)|Electricity; Final Energy|Transportation|Passenger|Rail (low speed)|Electricity,IMAGE 3.4_SSP2_VLHO.xlsx
IMAGE,3.4,SSP2-VLHO,Europe (WEU + CEU),2040,Final electricity,Passenger transport,2.373236,EJ/yr,WEU; CEU,Final Energy|Transportation|Passenger|Bus|Electricity; Final Energy|Transportation|Passenger|Domestic Aviation|Electricity; Final Energy|Transportation|Passenger|International Aviation|Electricity; Final Energy|Transportation|Passenger|Light Duty Vehicle|Electricity; Final Energy|Transportation|Passenger|Rail (high speed)|Electricity; Final Energy|Transportation|Passenger|Rail (low speed)|Electricity,IMAGE 3.4_SSP2_VLHO.xlsx
IMAGE,3.4,SSP2-VLHO,Europe (WEU + CEU),2050,Final electricity,Passenger transport,2.698959,EJ/yr,WEU; CEU,Final Energy|Transportation|Passenger|Bus|Electricity; Final Energy|Transportation|Passenger|Domestic Aviation|Electricity; Final Energy|Transportation|Passenger|International Aviation|Electricity; Final Energy|Transportation|Passenger|Light Duty Vehicle|Electricity; Final Energy|Transportation|Passenger|Rail (high speed)|Electricity; Final Energy|Transportation|Passenger|Rail (low speed)|Electricity,IMAGE 3.4_SSP2_VLHO.xlsx
IMAGE,3.4,SSP2-VLHO,Europe (WEU + CEU),2060,Final electricity,Passenger transport,2.847287,EJ/yr,WEU; CEU,Final Energy|Transportation|Passenger|Bus|Electricity; Final Energy|Transportation|Passenger|Domestic Aviation|Electricity; Final Energy|Transportation|Passenger|International Aviation|Electricity; Final Energy|Transportation|Passenger|Light Duty Vehicle|Electricity; Final Energy|Transportation|Passenger|Rail (high speed)|Electricity; Final Energy|Transportation|Passenger|Rail (low speed)|Electricity,IMAGE 3.4_SSP2_VLHO.xlsx
IMAGE,3.4,SSP2-VLHO,Europe (WEU + CEU),2070,Final electricity,Passenger transport,3.416540,EJ/yr,WEU; CEU,Final Energy|Transportation|Passenger|Bus|Electricity; Final Energy|Transportation|Passenger|Domestic Aviation|Electricity; Final Energy|Transportation|Passenger|International Aviation|Electricity; Final Energy|Transportation|Passenger|Light Duty Vehicle|Electricity; Final Energy|Transportation|Passenger|Rail (high speed)|Electricity; Final Energy|Transportation|Passenger|Rail (low speed)|Electricity,IMAGE 3.4_SSP2_VLHO.xlsx
IMAGE,3.4,SSP2-VLHO,Europe (WEU + CEU),2080,Final electricity,Passenger transport,3.822371,EJ/yr,WEU; CEU,Final Energy|Transportation|Passenger|Bus|Electricity; Final Energy|Transportation|Passenger|Domestic Aviation|Electricity; Final Energy|Transportation|Passenger|International Aviation|Electricity; Final Energy|Transportation|Passenger|Light Duty Vehicle|Electricity; Final Energy|Transportation|Passenger|Rail (high speed)|Electricity; Final Energy|Transportation|Passenger|Rail (low speed)|Electricity,IMAGE 3.4_SSP2_VLHO.xlsx
IMAGE,3.4,SSP2-VLHO,Europe (WEU + CEU),2090,Final electricity,Passenger transport,3.952226,EJ/yr,WEU; CEU,Final Energy|Transportation|Passenger|Bus|Electricity; Final Energy|Transportation|Passenger|Domestic Aviation|Electricity; Final Energy|Transportation|Passenger|International Aviation|Electricity; Final Energy|Transportation|Passenger|Light Duty Vehicle|Electricity; Final Energy|Transportation|Passenger|Rail (high speed)|Electricity; Final Energy|Transportation|Passenger|Rail (low speed)|Electricity,IMAGE 3.4_SSP2_VLHO.xlsx
IMAGE,3.4,SSP2-VLHO,Europe (WEU + CEU),2100,Final electricity,Passenger transport,3.810073,EJ/yr,WEU; CEU,Final Energy|Transportation|Passenger|Bus|Electricity; Final Energy|Transportation|Passenger|Domestic Aviation|Electricity; Final Energy|Transportation|Passenger|International Aviation|Electricity; Final Energy|Transportation|Passenger|Light Duty Vehicle|Electricity; Final Energy|Transportation|Passenger|Rail (high speed)|Electricity; Final Energy|Transportation|Passenger|Rail (low speed)|Electricity,IMAGE 3.4_SSP2_VLHO.xlsx
IMAGE,3.4,SSP2-VLHO,Europe (WEU + CEU),2020,Final electricity,Space heating,1.976105,EJ/yr,WEU; CEU,Final Energy|Residential|Space Heating|Electricity; Final Energy|Commercial|Space Heating|Electricity,IMAGE 3.4_SSP2_VLHO.xlsx
IMAGE,3.4,SSP2-VLHO,Europe (WEU + CEU),2030,Final electricity,Space heating,2.180196,EJ/yr,WEU; CEU,Final Energy|Residential|Space Heating|Electricity; Final Energy|Commercial|Space Heating|Electricity,IMAGE 3.4_SSP2_VLHO.xlsx
IMAGE,3.4,SSP2-VLHO,Europe (WEU + CEU),2040,Final electricity,Space heating,1.591705,EJ/yr,WEU; CEU,Final Energy|Residential|Space Heating|Electricity; Final Energy|Commercial|Space Heating|Electricity,IMAGE 3.4_SSP2_VLHO.xlsx
IMAGE,3.4,SSP2-VLHO,Europe (WEU + CEU),2050,Final electricity,Space heating,1.129717,EJ/yr,WEU; CEU,Final Energy|Residential|Space Heating|Electricity; Final Energy|Commercial|Space Heating|Electricity,IMAGE 3.4_SSP2_VLHO.xlsx
IMAGE,3.4,SSP2-VLHO,Europe (WEU + CEU),2060,Final electricity,Space heating,1.010782,EJ/yr,WEU; CEU,Final Energy|Residential|Space Heating|Electricity; Final Energy|Commercial|Space Heating|Electricity,IMAGE 3.4_SSP2_VLHO.xlsx
IMAGE,3.4,SSP2-VLHO,Europe (WEU + CEU),2070,Final electricity,Space heating,1.138940,EJ/yr,WEU; CEU,Final Energy|Residential|Space Heating|Electricity; Final Energy|Commercial|Space Heating|Electricity,IMAGE 3.4_SSP2_VLHO.xlsx
IMAGE,3.4,SSP2-VLHO,Europe (WEU + CEU),2080,Final electricity,Space heating,1.235507,EJ/yr,WEU; CEU,Final Energy|Residential|Space Heating|Electricity; Final Energy|Commercial|Space Heating|Electricity,IMAGE 3.4_SSP2_VLHO.xlsx
IMAGE,3.4,SSP2-VLHO,Europe (WEU + CEU),2090,Final electricity,Space heating,1.263370,EJ/yr,WEU; CEU,Final Energy|Residential|Space Heating|Electricity; Final Energy|Commercial|Space Heating|Electricity,IMAGE 3.4_SSP2_VLHO.xlsx
IMAGE,3.4,SSP2-VLHO,Europe (WEU + CEU),2100,Final electricity,Space heating,1.262768,EJ/yr,WEU; CEU,Final Energy|Residential|Space Heating|Electricity; Final Energy|Commercial|Space Heating|Electricity,IMAGE 3.4_SSP2_VLHO.xlsx
IMAGE,3.4,SSP2-VLHO,Europe (WEU + CEU),2020,Energy service,Passenger mobility,8724.782944,billion pkm/yr,WEU; CEU,Energy Service|Transportation|Passenger,IMAGE 3.4_SSP2_VLHO.xlsx
IMAGE,3.4,SSP2-VLHO,Europe (WEU + CEU),2030,Energy service,Passenger mobility,11172.456503,billion pkm/yr,WEU; CEU,Energy Service|Transportation|Passenger,IMAGE 3.4_SSP2_VLHO.xlsx
IMAGE,3.4,SSP2-VLHO,Europe (WEU + CEU),2040,Energy service,Passenger mobility,12588.478088,billion pkm/yr,WEU; CEU,Energy Service|Transportation|Passenger,IMAGE 3.4_SSP2_VLHO.xlsx
IMAGE,3.4,SSP2-VLHO,Europe (WEU + CEU),2050,Energy service,Passenger mobility,13764.489651,billion pkm/yr,WEU; CEU,Energy Service|Transportation|Passenger,IMAGE 3.4_SSP2_VLHO.xlsx
IMAGE,3.4,SSP2-VLHO,Europe (WEU + CEU),2060,Energy service,Passenger mobility,14072.941065,billion pkm/yr,WEU; CEU,Energy Service|Transportation|Passenger,IMAGE 3.4_SSP2_VLHO.xlsx
IMAGE,3.4,SSP2-VLHO,Europe (WEU + CEU),2070,Energy service,Passenger mobility,14502.816677,billion pkm/yr,WEU; CEU,Energy Service|Transportation|Passenger,IMAGE 3.4_SSP2_VLHO.xlsx
IMAGE,3.4,SSP2-VLHO,Europe (WEU + CEU),2080,Energy service,Passenger mobility,14937.910795,billion pkm/yr,WEU; CEU,Energy Service|Transportation|Passenger,IMAGE 3.4_SSP2_VLHO.xlsx
IMAGE,3.4,SSP2-VLHO,Europe (WEU + CEU),2090,Energy service,Passenger mobility,15304.070711,billion pkm/yr,WEU; CEU,Energy Service|Transportation|Passenger,IMAGE 3.4_SSP2_VLHO.xlsx
IMAGE,3.4,SSP2-VLHO,Europe (WEU + CEU),2100,Energy service,Passenger mobility,15644.499302,billion pkm/yr,WEU; CEU,Energy Service|Transportation|Passenger,IMAGE 3.4_SSP2_VLHO.xlsx
